(great size#amazing windows),It is a great size and amazing windows 8 included!
(does),Does everything I wanted this laptop to do.
(firewire#usb3#pc#usb3#mac os#windows),A veryimportant feature is Firewire 800 which in my experience works better then USB3 (in PC enabled with USB3)I was not originally sold on the MAC OS I felt it was inferior in many ways To Windows 7.
(design app),"It shouldn't happen like that, I don't have any design app open or anything."
,Never been happier using  computer.
(macbook pro),"I love this piece of equipment, It will be hard to go back to other type of laptop after using a MacBook Pro."
,This computer is not cheap and represent an achievement for me.
,Not as fast as I would have expect for an i5.
,"But until now, no complains at all."
(mac#dell),I bought this Mac in order to replace my old Dell laptop.
(new mac),The last new mac I bought was in 1998.
(unibody construction#apple),The unibody construction really does feel lot more solid than Apple's previous laptops.
,It's shiny and it's pretty.
(macbook pro#great product),The MacBook Pro is a great product which can meet the needs of the average consumer.
,"Great things come in small ""packages."
(word program),It is very fast and has everything that I need except for a word program.
(dvd#install software),Just beware no DVD slot so when I went to install software I had on CD I couldn't.
,I was told that it seems to be a multi - component failure.
(high performance),"It has a very high performance, just for what I needed for."
(set),Set up was easy.
,Its worth every Penny.
,and it fits in my briefcase with ease
,I have had a total of 5 different laptop from many different manufactures.
(xp#microsoft),"Unfortunately, it runs XP and Microsoft is dropping support next April."
(acer#system files),"Chatting with Acer support, I was advised the problem was corrupted operating system files."
,It wakes in less than a second when I open the lid.
,it is really expensive though.
,the only thing that bums me out about this purchase is they released a newer updated mbp seriously RIGHT after i bought this one.
(easy),Easy to set up and go!
(not),But I do NOT like Win8.
(hardware),It's not inexpensive but the Hardware performance is impressive for a computer this small.
,"Yeah, it's super expensive."
,Everything I wanted and everything I needed and the price was great!
(os),With the softwares supporting the use of other OS makes it much better.
(amazon),"I saved about $100 plus tax ordering on Amazon and since I have prime, it arrived overnight for just $3.99 more."
(cons#price),"CONS: Price is a bit ridiculous, kinda heavy."
(have),Have one myself and Love it!
,Be sure to have good air flow where ever you put it.
,It is better than my old acer laptop.
,"I switched to this because I wanted something different, even though I miss windows."
(mac),"At first, I feel a little bit uncomfortable in using the Mac system."
,It came in brand new and works perfectly.
,tried windows 8 and hated it !!!
,Just be careful; you always have to give up some good stuff for others.
(macbook pro),"This version of MacBook Pro runs on a third-generation CPU (""Ivy Bridge""), not the latest fourth-generation Haswell CPU the 2013 version has."
(xp#windows),"I used windows XP, windows Vista, and Windows 7 extensively."
,It is more than enough computer to keep up with the needs of a high school student.
,I called apple and no solution.
(pc),I was always against them but now I buying one I'll never go back to PC.
(word processing),"I'm using this computer for word processing, web browsing, some gaming, and I'm learning programming."
(pc),"I can never go back to a PC now, this machine never freezes or has any problems."
(outstanding graphics),It is super fast and has outstanding graphics.
,"It's a good fix, in my opinion."
(os),"Works well, and I am extremely happy to be back to an apple OS."
,I don't have any technical pearls to share.
(build quality#ca n't#unibody construction),"Here are the things that made me confident with my purchase:Build Quality - Seriously, you can't beat a unibody construction."
,Considering another computer should be out of the question
,It's fast at loading the internet.
,"Logic board utterly fried, cried, and laid down and died."
,They are simpler to use.
,The product is prefect for everyone.
(apple),My life has been enriched since I have been using Apple products.
,"The only thing I dislike is the touchpad, alot of the times its unresponsive and does things I dont want it too, I would recommend using a mouse with it."
(screen display ...#fast),I have had it over a year now with out a Glitch of any kind..I love the lit up keys and screen display...this thing is Fast and clear as can be.
,I decided to buy a few notebooks for my nephews for Xmas.
(have#macs),Have used only Macs for years.
,"You can imagine that an expensive item as a laptop will not be left on your front steps, it needs signature to pove that you received it."
(apple),You just cannot beat the functionality of an Apple device.
,My laptop is so light that I can take it with me anywhere.
,I am please with the products ease of use; out of the box ready; appearance and functionality.
,again this is just my personal honest opinion.
,"But for now, this laptop is still a workhorse."
(apple fan boy),"LOVE IT I've always been an apple fan boy, but never had the money to buy a mac, only ipads and iphones, and this is my first mac, blew me away completely."
,"My wife was so excited to open the box, but quickly came to see that it did not function as it should."
(dell#macbook pro),"When my Dell laptop gave up only after 2 1/2 years, I decided to buy MacBook Pro."
,The exterior is absolutely gorgeous.
(disc drive),the latest version does not have a disc drive.
,"Yes, that's a good thing, but it's made from aluminum that scratches easily."
,"However, you have to adjust yourself to what it will do, not what you want it to do."
(amazing price#amazon),I got this at an amazing price from Amazon and it arrived just in time.
(mac),I am very happy with my first Mac.
,It is very easy to navigate even for a novice.
(brand new laptop),This is why I purchased a BRAND NEW LAPTOP in the first place so it wouldn't have ANY problems.
,"Honestly, I am surprised no one else has mentioned returning theirs."
(logic board),More likely it will require replacing the logic board once they admit they have a problem and come up with a solution.
,It has been to early to see if this actually fixes the problem or not though.
(nice),"Nice screen, keyboard works great!"
(easy),Easy to install also small to leave anywhere at your bedroom also very easy to configure for ADSl cable or wifi.
(macbook),And now I am a proud MacBook owner also!
(slow operation),I've lived with the crashes and slow operation and restarts.
,"I thought that it will be fine, if i do some settings."
,I've had my computer for 2 weeks already and it works perfectly.
(apple),"Before I begin, I will say that I am not like a good percentage of the people that will end up writing a review on this computer - I am not an Apple fanboy."
(internal speakers#price tag),"Other than not being a fan of click pads (industry standard these days) and the lousy internal speakers, it's hard for me to find things about this notebook I don't like, especially considering the $350 price tag."
,and the speakers is the worst ever.
,It's so nice that the battery last so long and that this machine has the snow lion!
(new laptop),"I paid for a new laptop, but was sent a used one."
,It's silent and has a very small footprint on my desk.
(hdmi),I tried several monitors and several HDMI cables and this was the case each time.
,"Its seen in movies, sitcoms, prominent important people carry and use them and they are GREAT!"
(form factor#great battery life),"Awesome form factor, great battery life, wonderful UX."
(cd/dvd#power switch),Needs a CD/DVD drive and a bigger power switch.
(macbook),I told them that I just received my brand new MacBook but I was having issues.
,I'm no regular customer I hate wasting my time with hellos and how can I help you's.
,I will upgrade the ram myself (because with this model you can you can do it) later on.
,so when I had the money to buy one I bought other things instead....a 700 laptop and some extra stuff with it.
,I am not happy with my purchase
(amazing performance),Amazing Performance for anything I throw at it.
,Why not 5 stars?
,"it has all the features that we expected and the price was good, working well so far."
(pc#mac),Being a PC user for many years to switch to a Mac I will not go back.
(manylegacy programs#photoshop),"In fact I still use manyLegacy programs (Appleworks, FileMaker Pro, Quicken, Photoshop etc)!"
(os),I was extremely happy with the OS itself.
,"At $1899 to start, this is no cheap machine."
,The speakers could have been better but it wasn't a deal breaker... this is a great little laptop... love it!
,And mine had broke but I sent it in under warranty-no problems.
(macs),What angers me more than anything else is that I spent all those years hating MACs when I could have been getting a lot more production with a whole lot less grief!
,Deal of the year.
(thank),Thank goodness for OpenOffice!
,A great college tool!
,The old unibody macbook pro could fry an egg after a while.
,I was so excited to get this in the mail i nearly gave myself a heart attack.
(external power),"The case is now slightly larger than the previous generation, but the lack of an external power supply justifies the small increase in size."
(windows),Not sure on Windows 8.
(mac),"Bottom line, if you can afford it, get a Mac!"
(windows),I do not like too much Windows 8.
(macbook pro#apple),This was a significantly more affordable than getting a new MacBook Pro from Apple.
,Cost is more as compared to other brands.
(buy#ram),Buy the separate RAM memory and you will have a rocket!
,This computer does everything i need it to do for school and more.
,I'm Not exagerating when I say this computer is perfect..i It is!!
,I just hope this expensive laptop doesn't go dead like my friends...it did last him 5 good years before it bit the dust.
(tech support),tech support would not fix the problem unless I bought your plan for $150 plus.
(mac#book pro),"So, I thought why not give Mac Book pro a try."
(cool software#os),It just works out of the box and you have a lot of cool software included with the OS.
(bluetooth devices#usb),"It is very easy to integrate bluetooth devices, and USB devices are recognized almost instantly."
,Sure it's not light and slim but the features make up for it 100%.
,I finally own a piece of computing equipment that I don't want to take a baseball bat and destroy.
(macbook),The reason why I choose apple MacBook because of their design and the aluminum casing.
(ssd),I did add a SSD drive and memory
(built-in camera),"Also, in using the built-in camera, my voice recording for my vlog sounds like the interplanetary transmissions in the ""Star Wars"" saga."
,It's a nice little gadget.
,I will not be using that slot again.
,"Out of all the laptops I have owned, this is by far the best!"
(pc),I will never go back to a PC again!
(great screen#beautiful apps),"fast, great screen, beautiful apps for a laptop;priced at 1100 on the apple website;amazon had it for 1098+ tax -  plus i had a 10% off coupon from amazon-cost me 998 plus tax- 1070- OTD!"
,"It's fast, light, and is perfect for media editing, which is mostly why I bought it in the first place."
(mbp),The MBP is beautiful has many wonderful capabilities.
,So glad I did not waste money on a less than par product.
(set),Set up was a breeze.
,"I know Apples are more expensive than PCs, but he thinks it is worth every penny."
(macbook pro),I stayed up half the night enjoying my new MacBook Pro.
,"I work as a designer and coder and I needed a new buddy to work with, not gaming."
,"This is by far thee best, most reliable computer I could find."
(perfect#graphic design classes),Perfect for all my graphic design classes I'm taking this year in college :-)
,Very happy with my purchase.
(apple),The one thing that Apple does right is computers.
,No startup disk was not included but that may be my fault.
,I like the operating system.
,So much faster and sleeker looking.
,The battery is not as shown in the product photos.
(well),Really great...Well let me start at the beginning.
,air has higher resolution but the fonts are small.
(seems#apple),Seems to me that's the best way to get Apple's attention.
(fast performance),I am loving the fast performance also.
(my trackpad is not working),MY TRACKPAD IS NOT WORKING.
,The machine is speedy and efficient.
(system- size#excellent durability),also...- excellent operating system- size and weight for optimal mobility- excellent durability of the battery- the functions provided by the trackpad is unmatched by any other brand-
,It was getting old and I needed a new school computer.
,$999.00 Tax free.
,"Also, it hardly ever crashes."
,Starts up in a hurry and everything is ready to go.
,Still not bad for 220.00.
(wireless mouse#key board),"I had to buy a wireless mouse to go with it, as I am old school and hate the pad, but knew that before I bought it, now it works great, need to get adjusted to the key board, as I am used to a bigger one and pounding."
(apple),This is especially disheartening when Apple prides itself as the choice of creative professionals.
,Great deal on an amazing lap top!
,"Soft touch, anodized aluminum with laser cut precision and no flaws."
,That defeated the whole point of a laptop.
(macbook pro#buy#macbook),I bought this Macbook Pro from Best Buy under a year ago to replace my old Macbook Air.
(garage band),Came with iPhoto and garage band already loaded.
,The device speaks about it self.
(mac),"So, I'm cooled on Mac buys."
(pc#osx),"I had the same reasons as most PC users: the price, the overbearing restrictions of OSX and lack of support for games."
(mac mini),But the performance of Mac Mini is a huge disappointment.
(windows),"I also wanted Windows 7, which this one has."
(mac),I purchased my first Mac and am glad I did.
,And if you are switching from a pc I hilghy sugest this one.
,Trashed it when I spilled a latte on it while writing at a cafe.
(correct keys),It's been a couple weeks since the purchase and I'm struggle with finding the correct keys (but that was expected).
,"That's quite a bump up from the $599 that this little guy sells for, which leaves me to my next point."
(acer),When it broke I wanted another Acer and chose the V5.
,GET THIS MACHINE
(mac),I thought the transition would be difficult at best and would take some time to fully familiarize myself with the new Mac ecosystem.
,It couldn't have been a better decision.
(acer),It is much better than the Acer ultrabook I had before.
,I got the new adapter and there was no change.
,Turns out this is a common problem.
(mac os),I blame the Mac OS.
,"However, the machine itself left a bit to be desired."
,I will also say it is much better than I expected!
(mac),"I've only had it one day, but I really do love it and I'm happy it was economical and I'm finally able to own a Mac!"
,Nothing bad to say about it.
,packing and everything was perfect
(mini),Pretty much made sense to get a Mini.
(mac),It is the best all around Mac.
(thank),Thank you so much for the great item.
(windows),And I may be the only one but I am really liking Windows 8.
,I am so addict to this laptop.
(hp#asus#acer),"Looked at HP, ASUS, Acer, Sony and a bunch of other ones but could not find I really liked."
,Strong build though which really adds to its durability.
,Also stunning colors and speedy
(shipping),Shipping was quick and product described was the product sent and so much more...
,"you will not regret it, promise you!"
,This mouse is terrific.
,I was looking for something in between a regular laptop and a tablet and this is it.
,Made interneting (part of my business) very difficult to maintain.
,This mac has been a problem since we got it.
,I think that was a great decision to buy
(intel#graphics work),"The only task that this computer would not be good enough for would be gaming, otherwise the integrated Intel 4000 graphics work well for other tasks."
,"Super light, super sexy and everything just works."
(great service),thanks for great service and shipping!
(perfect),Perfect--thanks so.
(osx#fast),"However, I can refute that OSX is ""FAST""."
(ram#ram),It also comes with 4G of RAM but if you're like me you want to max that out so I immediately put 8G of RAM in her and I've never used a computer that performs better.
,The item received was exactly as identified.
,It's great for streaming video and other entertainment uses.
(personal life),It completely supports my home business and personal life.
(apple products),I enjoy having apple products.
,The memory was gone and it was not able to be used.
(mac mini#wireless keyboard / mouse#hdmi#real work),"The MAC Mini, wireless keyboard / mouse and a HDMI cable is all I need to get some real work done."
(pro-active type),I'm the pro-active type so I went off and did some preventative fixes.
(mac),I was really happy because it is a much better price on amazon.com than it was in the Mac store.
,This is no exception.
,"There are reviews that speak to a few possible glitches but, I haven't seen them yet."
,It was quite easy.
,Nothing wrong with this computer at all!
(windows),"Lastly, Windows 8 is annoying."
(mac),"Yes, he is a self professed ""Mac snob."
(macbooks#black macbook),This is the third in a series of MacBooks starting with a Black MacBook.
,It's absolutely wonderful and worth the price!
,Its everything mac offers.
,"I want the portability of a tablet, without the limitations of a tablet and that's where this laptop comes into play."
(graphics),Graphics are much improved.
,Very nice so far.
(screen),Screen - although some people might complain about low res which I think is ridiculous.
,Quick and has built in virus control.
(apple),I saw the bad reviews from people saying to buy directly from Apple and I was concerned but I took my chances and am overly impressed.
,I hope this review helps.
(small screen#works fine),I had a little problem adjusting to the small screen but works fine as long as I remember to carry my glasses.
,Added an iMac about 2 years later.
(apple tech support),I understand I should call Apple Tech Support about any variables(which is my purpose of writing this con) as variables could be a bigger future problem.
(user#ram),User upgradeable RAM and HDD.
,Minis make sense for a lot of people.
,"The battery was completely dead, in fact it had grown about a quarter inch thick lump on the underside."
(pc),But for those of you that dont have a mac and are still on the PC's this is a good foot in the door into mac.
(technical support),so i called technical support.
(dell),I previously owned an older Dell laptop that died after about 5 or 6 years.
(mountain lion),But the mountain lion is just too slow.
(system beats#windows),From the speed to the multi touch gestures this operating system beats Windows easily.
,"Harddrive was in poor condition, had to replace it."
(macbook pro),This was a great deal for a decked out MacBook Pro.
(amazon),I have to wonder why Amazon is even selling this dinosaur.
,"While we struggle with all the crashes and viruses, the kids computers stay consistent and so we caved in and bought one for buisness!"
(time response),"!Excelent performance, usability, presentation and time response."
(macbook pro#pc#pc),"I bought this MacBook Pro to replace my six-year-old PC (a Sony Vaio), but it was basically no better than my old PC, so I returned it."
,"However, there are MAJOR issues with the touchpad which render the device nearly useless."
(battery life),The battery life is excellent- 6-7 hours without charging.
,I have just had to learn to be a little harder typer than on my last computer.
,"The machine is used, but is like new, i'm very impress."
,Solution: it turned out to be pretty simple.
(mavericks),I've already upgraded o Mavericks and I am impressed with everything about this computer.
(apple#apple),"Apple no longer includes iDVD with the computer and furthermore, Apple doesn't even offer it anymore!"
(ca n't#hard drive),I can't believe how quiet the hard drive is and how quick this thing boots up.
,Best money I ever spent.
(new features),"it's exactly what i wanted, and it has all the new features and whatnot."
,The SuperDrive is quiet.
(screen),Screen is bright and gorgeous.
(battery life#amazing),"This by far beats any computer out on the market today built well, battery life AMAZING."
(huge apple mac fan),HUGE Apple MAC Fan!
(mbp),"Their products, including the MBP, are beautiful, sleek and clever."
,I was amazed at how fast the delivery was.
,OSX Lion is a great performer..extremely fast and reliable.
(2.9ghz dual-core i7 chip),The 2.9ghz dual-core i7 chip really out does itself.
,"I have experienced no problems, works as anticipated."
(apple),"***The review below is no longer relevant, Apple has fixed the issue."
,not something you want to miss out on!!!
,This was a gift for my grand son.
,The price is 200 dollars down.
(card reader),The first time I used the card reader it took half an hour and a pair of tweezers to remove the card.
(mac os),Now that I have upgraded to Lion I am much happier about MAC OS and have just bought an iMac for office.
,10/10 five stars would recommend.
,?I am only interested in the 15.4  McBook Pro  Model # MD103LL/A
(mac),"It's small but powerful, light but strong, elegant and beautiful... In resume: it's a Mac!"
,Very Very Highly Recommended.
,"If you ask me, for this price it should be included."
(apple),Very disappointed with Apple.
,"This machine is flawless, fast, and classy."
,I am still in the process of learning about its features.
(mini#'s body#good reason),The Mini's body hasn't changed since late 2010- and for a good reason.
(disk drive),It's ok but doesn't have a disk drive which I didn't know until after I bought it.
(macbook),"A scratch on a $1,500 MacBook is unforgivable."
(powerful performance),"I was considering buying the Air, but in reality, this one has a more powerful performance and seems much more convenient, even though it's about .20 inch thicker and 2 lbs heavier."
,"The screen, the software and the smoothness of the operating system."
,I am replacing the HD with a Micron SSD soon.
(was),Was skeptical about buying an electronic item online but it turned out to be a positive experience.
,I like the brightness and adjustments.
(on/off switch),The on/off switch is a bit obscure in the rear corner.
(apple),Apple did a great job.
,The performance is definitely superior to any computer I've ever put my hands on.
(mac),Even though I could have gotten a pc twice the speed for the same price I still think there's nothing like a Mac.
(macbook#mac mini),I went from a Macbook to this Mac Mini and this was a great upgrade!
,Built-in apps are purely amazing.
,HOWEVER I chose two day shipping and it took over a week to arrive.
,"Every time I log into the system after a few hours, there is this endlessly frustrating process that I have to go through."
,It is fast and easy to use.
(apple),No complaints for an Apple product.
(macbook pro),The Macbook Pro is the premier choice for college students.
(great value),Exactly as posted plus a great value.
(apple#macbook pro),"Since I have always used Apple products, the choice of Macbook Pro was obvious."
(macbook#macbook pro),"I was having a though time deciding between the 13"" MacBook Air or the MacBook Pro 13"" (Both baseline models, priced at 1,200 $ retail)"
,"Most of them were either too big, too noisy and too slow after 2 years."
,The durability of the laptop will make it worth the money.
(quality computer),"I am going to college next year and I needed a cheaper, quality computer for the goals I am trying to pursue."
,Best commuter I have ever owned.
,To me it's a workhorse... and quiet as can be... you even save big bucks not dishing out any extra to Uncle Sam... Definite Buy...
(usb),"This laptop has only 2 USB ports, and they are both on the same side."
,"It feels cheap, the keyboard is not very sensitive."
(ventilation system#steam games),"Additionally, there is barely a ventilation system in the computer, and even the simple activity of watching videos let alone playing steam games causes the laptop to get very very hot, and in fact impossible to keep on lap."
(wifi#long battery life),"I am pleased with the fast log on, speedy WiFi connection and the long battery life (>6 hrs)."
(mac),Just bit the bullet and bought the Mac hoping it will last a lot longer?
,"Besides, the apple stocks have been falling due to lack of sales."
,I found the mini to be:Exceptionally easy to set up
(hard disk#ssd drive),"After replacing the spinning hard disk with an ssd drive, my mac is just flying."
(pc),I love it and would recommend it to everyone who is tired of the constant attention PC's require.
(boot),"Boot time is super fast, around anywhere from 35 seconds to 1 minute."
,I would recommend to any one lloking for a first class computer!
,"This item is a beautiful piece, it works well, it is easy to carry and handle."
,It really is very light compared to other computers.
(pc),"It doesnt get hot like my PC, with technology always at the tip of our fingertips anytime I forget how to do something i just google it."
(slim plastic case),i have dropped mine a couple times with only a slim plastic case covering it.
(great computer),"The price is higher than most lab top out there; however, he/she will get what they paid for, which is a great computer."
(overall),"Overall it's an amazing product, 5 stars!"
(apple),"What can I say, It's an Apple."
,it does get hot when using on a bed or sofa and gets warm on a desk....this is in an un-air conditioned room.....in air condition it gets slightly warm......
(wo n't#acer),It's annoying very much and I won't ever buy any Acer products.
(runs),Runs real quick.
(microsoft windows),The Mountain Lion OS is not hard to figure out if you are familiar with Microsoft Windows.
,"A *big* upgrade from my 13"" 2006 macbook."
(mbp#os),"First off, I really do like my MBP... once used to the OS it is pretty easy to get around, and the overall build is great... eg the keyboard is one of the best to type on."
,SO of course this one came through with the awesomeness!
,They replaced it and so far so good.
,Plus two finger clicking as a replacement for the right click button is surprisingly intuitive.
,This is my first apple laptop.
(macbook),I bought this one for my 11 year old and the MacBook Air for my 9 year old.
(mini mac#buy),I saw the Mini Mac at Best Buy and decided to get this as my replacement.
(mac#application crash),"Having heard from friends and family about how reliable a Mac product is, I never expected to have an application crash within the first month, but I did."
(mini),"I have an iPhone, and iPad, so it just made sense to finish off the platform by adding the Mini."
,The sound is nice and loud; I don't have any problems with hearing anything.
,I find it not to be very user friendly.
(apple#dvd#firewire),Apple removed the DVD drive Firewire port (will work with adapter) and put the SDXC slot in a silly position on the back.
,Definitely worth spending the money on it.
(macbook pro),"The investment of a new MacBook Pro came at a price, but totally worth it for a good piece of mind."
,So glad I have gone this route!!
,Just What I Needed For Portable And My Wallet Too!
(mac),Mac tutorials do help.
,It's the mid 2012 version.
(apple),"And the fact that Apple is driving the 13"" RMBP with the Intel4000 graphic chip seems underpowered (to me."
,You can do absolutely anything and is very fast and stylish.
,I haven't used the product long enough to write a detailed technical review.
,The baterry is very longer.
(fast shipment#great price),Thanks for the fast shipment and great price.
(mac mini#macbook pro),This Mac Mini makes the Macbook Pro seem slow.
,I would suggest this product to anyone.
,I've had it for about 2 months now and found no issues with software or updates.
(usb),I also made a recovery USB stick.
,I was going to buy today and noticed it went back up to $344.99?
,Its a pretty decent computer.
,All I can say is I am impressed.
,Its size is ideal and the weight is acceptable.
(macbook),Can you buy any laptop that matches the quality of a MacBook?
(mac),If you have to ask you don't own a Mac and your just not in the know.
,All the above aside this machine ROCKS!
,Very nice unibody construction.
,This mac does come with an extender cable and I'm using mine right now hoping the cable will stay nice for the many years I plan on using this mac.
,"It will make life so much easier next semester, just wish I had it last semester!!"
(mac),It is made of such solid construction and since I have never had a Mac using my iPhone helped me get used to the system a bit.
,This laptop is a 100 times better than a Chromebook!
,I had to return it because it wouldn't even start.
,It's macbook pro and there is no discusion about it.
(friendly use#apple),"It is robust, with a friendly use as all Apple products."
,its as advertised on here..... it works great and is not a waste of money!
(mac),It's great to have a solid Mac in the living room.
(os),Premium price for the OS more than anything else.
(usb3#mini),Having USB3 is why I bought this Mini.
,Ideal for someone on the go or for a high school students.
,I am very satisfied with the mini.
(cons#screen),Cons: Screen resolution.
,Everything is so easy and intuitive to setup or configure.
,"For this purpose, it's great."
(mac mini),I finally pulled the trigger and I am blown away by how much more I enjoy my computer tasks using the Mac Mini!!!
(mac),Having a Mac certainly makes life easier.
(macbook),Far superior to my MacBook.
(windows),I would have given it 5 starts was it not for the fact that it had Windows 8
(mac#total cost#initial price tag),"When considering a Mac, look at the total cost of ownership and not just the initial price tag."
,No hassle and no complaints.
,"There is no ""tools"" menu."
,Put a cover on it and is a little better but that is my only complaint.
,Very light and easily maneuverable.
(retina display ...),I haven't tried the one with retina display... Maybe in the future.
(mac mini#bluetooth#mac os),"Further, this Mac Mini has a sloppy Bluetooth interface (courtesy of the Mac OS) and the range is poor."
,"The criticism has waned, and now I'd be the first to recommend an Air for truly portable computing."
,"I wanted a simple, reliable  laptop."
,And it's so quiet that I don't hear it at all.
,It is really easy to use and it is quick to start up.
,but in resume this computer rocks!
(asus#college life#asus),"My last laptop was a 17"" ASUS gaming machine, which performed admirably, but having since built my own desktop and really settling into the college life, I found myself wanting something smaller and less cumbersome, not to mention that the ASUS had been slowly developing problems ever since I bought it about 4 years ago."
,Good computer and fast.
(apple),I believe with Apple - you get what you pay for.
,On start up it asks endless questions just so itune can sell you more of their products.
,"was debating to buy one for months, checked out different stuff on youtube, and read different articles and debates,I just didnt really wanna spend the money but Im glad that I did."
(os),"However, the experience was great since the OS does not become unstable and the application will simply shutdown and reopen."
,"I wanted it for it's mobility and man, this little bad boy is very nice."
,"Its perfect, not much heavy."
(thunderbolt port),The thunderbolt port is awesome!
,"The only solution is to turn the brightness down, etc."
,Customization on mac is impossible.
,"Stop living in the stone age and buy a mac, you will not be sorry at all!!"
(pc),its by far faster and more stable then my PC.
(graphic design),I bought it to my son who uses it for graphic design.
(pc#macbook pro),I had my PC laptop for 3 years and going to a MacBook Pro is like I leaped through time.
(macbook pro#long time),I plan on using my MacBook Pro for a long time.
,The few things that are wrong with it are very minor things.
,I love the quick start up.
(mac#pc#mac#mac),"Finally decided to try a MAC because there were too many choices of which PC's to buy and EVERYONE who had a MAC said ""buy a MAC""."
,"It looks and feels solid, with a flawless finish."
,It came before the day it supposed to which is great.
(mac),I was also informed that the components of the Mac Book were dirty.
,Out of the box I noticed how small it was and was exactly what I was looking for.
(apple),"Apple ""Help"" is a mixed bag."
(web#safari),Web browsing is very quick with Safari browser.
,I was a little worry at first because I don't have a lot of experience with os.x and windows has always been second nature to me after many years of using windows.
(long time#retina display),Took a long time trying to decide between one with retina display and one without.
,the mbp i recieved was everything it should have been.
,ive never had a problem with it!
,This computer is also awesome for my sons virtual home schooling.
(slow performance#battery lifetime),"It was also suffering from hardware (keyboard) issues, relatively slow performance and shortening battery lifetime."
,It's all a bit magical.
,"It's fast, light, and simple to use."
(pro#cd/dvd),But I wanted the Pro for the CD/DVD player.
,"It is very slim, the track pad is very much impressed with me."
,Good in every aspect.
(wo n't),You won't be disappointed.
(type keys),"The only thing I miss are the ""Home/End"" type keys and other things that I grew accustomed to after so long."
(ssd),!so nice .. stable .. fast .. now i got my SSD !
,And I can attach my projector to it.
(pc),But I didn't want to spend another thousand on a laptop since my work already provides me with a PC.
,It provides much more flexibility for connectivity.
,The configuration is perfect for my needs.
(wo n't),"Get this instead, you won't be sorry."
(macbook pro),The new os is great on my macbook pro!
,Who makes a laptop that can't rest on your lap?
,This was absolutely annoying!
(os),"The OS is fast and fluid, everything is organized and it's just beautiful."
(usb),"Which it did not have, only 3 USB 2 ports."
,Very fast for my needs.
,"I've almost have bought every generation of MacMinis since 2005, and this one hasn't let me down."
(runs),Runs very smoothly.
(macbook),I had gotten this model for  $1199.00 on my State's tax-free weekend and had a $100 off coupon for a MacBook at the local BestBuy!
(does),Does exactly what I bought it 4.
(battery lasts),"The battery lasts as advertised (give or take 15-20 minutes), and the entire user experience is very elegant."
,With the needs of a professional photographer I generally need to keep up with the best specs.
(microsoft),Enjoy using Microsoft Office!
(have),Haven't regretted it one bit.
(mac mini),Buying a Mac Mini would allow me to make the transition.
,it definitely beats my old mac and the service was great.
,I will not hesitate to recommend it to family and friends
(runs),Runs like a champ.....
(fan),Fan only comes on when you are playing a game.
,But I'm still learning so can't rate it yet for everything.
,I love apple but unlike others That does not prevent me to not be honest about how i like it and if its good or not.
(pc),I have been PC for years but this computer is intuitive and its built in features are a great help
(start menu),If you start on the far right side and scroll to your left the start menu will automatically come up.
(seems#apple),Seems a much more economical way to get into Apple than their other computers.
(user type#photoshop),"As far as user type - I dabble in everything from games (WoW) to Photoshop, but nothing professionally."
,"Its fast, easy to use and it looks great."
,It was wonderful deal for the wonderful product.
,It makes a great gift.
,And as for all the fancy finger swipes -- I just gave up and attached a mouse.
,The receiver was full of superlatives for the quality and performance.
,this is quite smooth as well as heavy and can easily slip through the hands.
(brilliant colors),Incredible graphics and brilliant colors.
,I never tried any external mics with that iMac.
,"I fell in love with my machine, and it was pampered."
(technical support),The technical support was not helpful as well.
,Its pretty much fire it up and go.
(easy),Easy to customize setting and even create your own bookmarks.
,It works great and I am so happy I bought it.
,12.44 seconds to boot.
(mac),This is the first time for me to use a Mac and I'm really happy with the move.
(mbp#great portability#new laptop),The new MBP offers great portability and gives us confidence that we are not going to need to purchase a new laptop in 18 months.
,I have owned at least 4 to 5 laptops and computers - but this is by far the most superior machine I have ever owned.
,I'm going to buy a logitevh c270.
,"Needless to say, the leap from that to this has been amazing and (aside from the financial reasons) I am astounded that I hadn't made the switch sooner."
,"Since the machine's slim profile is critical to me, that was a problem."
(macbook pro),I have always wanted a MacBook Pro.....always!
(works fine),"It works fine, and all the software seems to run pretty well."
,All the ports are much needed since this is my main computer.
,I wish I would have taken the plunge years ago.
(mavericks),OSX Mountain Lion  soon to upgrade to Mavericks.
,excellent in every way.
(mac mini),"Luckily, for all of us contemplating the decision, the Mac Mini is priced just right."
(device drivers),"I re-seated the ""WLAN"" card inside and re-installed the LAN device drivers."
,My bag just got a little lighter.
,Then the system would many times not power down without a forced power-off.
,Still haven't solved this.
,It is BLAZING fast!
,I'm so disgusted that I wasted my money on this product.
(usb ports ...),Only 2 usb ports...seems kind of...limited.
,This machine is A-mazing.
,Great purchase and I definitely didn't miss out on the Black Friday deals.
,"I have no problems yet on my mac so far, and hope it stays like that."
(hdmi),No HDMI port.
(windows#touchscreen functions),Did not enjoy the new Windows 8 and touchscreen functions.
,Also is portable and reliable.
,So this is very good commputer and i highly suggest it.
(not#pc),"One more thing, this mac does NOT come with restore disks and I am not sure if you can make them direct from the mac like you can with newer PC's, also the charging cables are made of the same cheap material as the iPhone/iPod touch cables."
(apple#product quality#customer service),"Apple is unmatched in product quality,aesthetics,craftmanship, and customer service."
,The majority of the reviews seem to be for the 13.3 MacBook Pro  Model # MD101LL/A.
,"I like the design and ease of use with the keyboard, plenty of ports."
(actual performance#mac),"Instead, I'll focus more on the actual performance and feature set of the hardware itself so you can make an educated decision on which Mac to buy."
(apple),Apple hit a home run here.
(macbook#macbook),The new MacBook is lightyears ahead of my old white plastic MacBook circa 2006.
(run#use),I don't want to RUN a computer; I want to USE a computer.
(new mac),It was so exciting for me to unwrapp my new mac.
,Cheaper than buying it @ apple too!
(buy#mac mini),Buy the Mac Mini it's a terribly great machine.
,"I'm pretty sure when I bought it, my bank account went 'ouch!"
(new laptop),It is not an easy decision to purchase a used or even good as new laptop but I am very satisfied.
(well),Well designed and fast.
,Couldn't have asked for more!
(wifi#disk drive#usb),"WiFi capability, disk drive and multiple USB ports to connect scale and printers was all that was required."
(does#wonderful battery life),"Does everything I need it to, has a wonderful battery life and I couldn't be happier."
(audio volume),The audio volume is quite low and virtually unusable in a room with any background activity.
,"When i finally held it in my hands i kissed it, yes i did."
,and its not hard to accidentally bang it against something so i recommend getting a case to protect it.
,System is running great.
(ssd#ram),I've installed to it additional SSD and 16Gb RAM.
(price point),I think this is about as good as it gets at anything close to this price point.
(hdmi#sd),"There is no HDMI receptacle, nor is there an SD card slot located anywhere on the device."
(ram),My only gripe would be the need to add more RAM.
,I think that they are the best out on the market.
,Its only crashed on me one time in the 3 months i've had it.
,It has enough memory and speed to run my business with all the flexibility that comes with a laptop.
,If someone called me an Apple Fanboy...it would make sense.
,I have nothing to regret from this new product.
,And windows 7 works like a charm.
,"This thing is awesome, everything always works, everything is always easy to set up, everything is compatible, its literally everything I could ask for."
(macbook pro),"I currently own a Lenovo laptop as well as my new MacBook Pro, and each have their own strengths and weaknesses."
(customer service),:] It arrived so fast and customer service was great.
,Let me start off by saying that I was highly reluctant to spend so much money on a laptop.
(retina display display#pictures i),the retina display display make pictures i took years ago jaw dropping.
(windows),Boot-up slowed significantly after all Windows updates were installed.
(apple#macbook pro),"Being a tech savvy, APPLE - product loving person, I'm glad I finally got the MacBook Pro!"
,"BTW, I checked online regarding the old laptop that 'died' and found that I was not alone, far from it."
(os),After fumbling around with the OS I started searching the internet for a fix and found a number of forums on fixing the issue.
(os),The OS is great.
(graphics card),"I seem to be having repeat problems as the Mother Board in this one is diagnosed as faulty, related to the graphics card."
(great computer),"Replaced this one with my mac that was stolen, its a great computer."
(amazing#apple),Amazing product as you would expect from Apple.
(design industry#mac#good reason),I would say that 85% of the design industry is Mac for good reason.
,i love the keyboard and the screen.
,The settings are not user-friendly either.
,"It still works and it's extremely user friendly, so I would recommend it for new computer user and also for those who are just looking for a more efficient way to do things"
,I really like the size and I'm a fan of the ACERS.
,"I might have read it incorrectly, but better safe than sorry right?"
,I would buy it again in a heartbeat!
(battery life),"The battery life is excellent, the display is excellent, and downloading apps is a  breeze."
,It's light and easy to transport.
(macbook),The Macbook pro's physical form is wonderful.
(macbook pro),I'M SO HAPPY WITH MY macbook pro!
(mac),There were small problems with Mac office.
,"So noise is reduced at least 50% and the heat is much better, now it doesn't feel hot but warm."
(the customer service is terrific),THE CUSTOMER SERVICE IS TERRIFIC!!
(expectin t volume),the volume is really low to low for a laptopwas not expectin t volume to be so lowan i hate that about this computer
(cd/dvd),I only wish this mac had a CD/DVD player built in.
,This can be annoying at first but you just have to train yourself not to to start over so far.
,If you have much higher expectations than that... I would look elsewhere.
(word processing program),"I bought it to be able to dedicate a small, portable laptop to my writing and was surprised to learn that I needed to buy a word processing program to do so."
(hard drive#ssd),I did swap out the hard drive for a Samsung 830 SSD which I highly recommend.
(screen size),"At home and the office it gets plugged into an external 24"" LCD screen, so built in screen size is not terribly important."
(mac mini),In the short time of one month since the 2012 Mac Mini was released there are well over 1000 posts regarding this issue and the numbers keep rising.
,It is pretty snappy and starts up in about 30 seconds which is good enough for me.
(pc#mac),"I have had many, many issues with PC's in the past and I'm finally glad to have joined the Mac revolution!"
(great computer),It is a great computer for that and I have to say I'm happy I switched.
(apple),The Apple engineers have not yet discovered the delete key.
,"The track pad is a bit squirrely at times- sometimes too sensitive, and sometimes a bit unresponsive, but it's usable."
,It's so quick and responsive that it makes working/surfing on a computer so much more pleasurable!
,It has so much more speed and the screen is very sharp.
(windows),I was given a demonstration of Windows 8.
(mac),"It's fast, quiet, incredibly small and affordable compared to other Mac models."
,I do admit it is pricey but the saying is really true with this MacBook Pro Laptop ( You get what you pay for).
(mbp#pc),"Yes, the MBP is more expensive than competing PC laptops."
(backlit keys),The only thing I miss is that my old Alienware laptop had backlit keys.
(mac#cool features),"working with Mac is so much easier, so many cool features."
(audio),"I use it mostly for content creation (Audio, video, photo editing) and its reliable."
,My sisters same laptop broke about the month later for the same reason.
(long time),It's also very pricey but you just have to tell yourself it's an investment and that it's gonna last you a long time.
(mbp#pc),A lot of features and shortcuts on the MBP that I was never exposed to on a normal PC.
(macbook pro),"This Macbook Pro is fast, powerful, and runs super quiet and cool."
,"It was fast, and it was ""different""."
,They really screwed the pooch on this one.
(apple customer support),I had to get Apple Customer Support to correct the problem.
,The only thing I dislike about this laptop are the rubber pads found on the bottom of the computer for grip.
(windows#windows),My laptop with Windows 7 crashed and I did not want Windows 8.
,I bought it for college and so far it's amazing!
(mac mini#built-in mic#mac os),"this Mac Mini does not have a built-in mic, and it would seem that its Mac OS 10.9 does not handle external microphones properly."
(mac#pc),Price was higher when purchased on MAC when compared to price showing on PC when I bought this product.
(long time),It's a decent computer for the price and hopefully it will last a long time.
(mac),It s heavy for Mac book but is good.
(overall#thank#apple#amazon),"Overall very impressed, Thank you Apple and Amazon!"
(great product#great price#great delivery#great service),":) Great product, great price, great delivery, and great service."
(hard drive),This newer netbook has no hard drive or network lights.
(computer accidental protection warranty#not),"I opted for the SquareTrade 3-Year Computer Accidental Protection Warranty ($1500-2000) which also support ""accidents"" like drops and spills that are NOT covered by AppleCare."
(apple products),can never go wrong with apple products.
,I'm overall pleased with the interface and the portability of this product.
,I finally made the leap after my Gateway crapped out on me.
(mini mac#pc#right mouse click menu),"I like the Mini Mac it was easy to setup and install, but I am learning as I go and could use a tutorial to learn how to use some of the features I was use to on the PC especially the right mouse click menu."
(nice),Nice packing.
,"I am an Info Sys major in college, so I started researching this issue on my own."
,I spent months looking for a good laptop for me and I finally found it!
(mountain lion),I had to install Mountain Lion and it took a good two hours.
,The cons are more annoyances that can be lived with.
,I am paying apple to kill my self and my wallet.
(toshiba),I called Toshiba where I gave them the serial number and they informed me that they were having issues with the mother boards.
(mountain lion),"I then upgraded to Mac OS X 10.8 ""Mountain Lion""."
,wow the new macbook pro hanged as i tried to type this review.
(touch screen),Fine if you have a touch screen.
(aluminum body),The aluminum body sure makes it stand out.
(extremely),Extremely disappointed with the way it is.
(apple#defective design#graphics chipset),Apple is aware of this issue and this is either old stock or a defective design involving the intel 4000 graphics chipset.
,It has surpassed all expectations and fulfilled all my needs.
(macbook pro#hp),I purchased a MacBook Pro and this to replace a couple of HP units that I was using.
(performance#quality),Great Performance and Quality.
(ram#hard drive),"After all was said and done, I essentially used that $450 savings to buy 16GB of RAM, TWO Seagate Momentus XT hybrid drives and an OWC upgrade kit to install the second hard drive."
(black macbook),I have had a black macbook since 2007.
(perfect size),It is lightweight and the perfect size to carry to class.
,Small and still VERY powerful.
,The specs are pretty good too.
(was),Wasn't sure if I was going to like it much less love it so I went to a local best buy and played around with the IOS system on a Mac Pro and it was totally unique and different.
(extremely),It is EXTREMELY fast and never lags.
,It did everything we expected!
,I can say that I am fully satisfied with the performance that the computer has supplied.
(performance#pro#ssd),"Performance is much much better on the Pro, especially if you install an SSD on it."
(mac mini),Got this Mac Mini with OS X Mountain Lion for my wife.
(great performance),"I wanted a computer that was quite, fast, and that had overall great performance."
(quiet operation),The nicest  part is the low heat output and ultra quiet operation.
(power plug#power adaptor),The power plug has to be connected to the power adaptor to charge the battery but won't stay connected.
(pc#mac),"Moving from a PC to Mac has never been easier, and I'm glad that I did it."
,This device has met my expectations and I'm sure it will meet yours.
,It is really thick around the battery.
,It was at my door in less than 24 hours.
(apple),"Apple is living up to its name with the mini and, for our needs, it's perfect."
(great price),great price free shipping what else can i ask for!!
(apple#pc#pc),I needed something affordable from Apple and was tired of dealing with PC laptop after PC laptop.
(windows),Once you get past learning how to use the poorly designed Windows 8 Set-Up you may feel frustrated.
(space restrictions),The smaller size was a bonus because of space restrictions.
(mac),"MS Office 2011 for Mac is wonderful, well worth it."
,I couldn't be more pleased.
(mac),I wanted to explore what the Mac was all about.
(mac mini),My only complaint is the total lack of instructions that come with the mac mini.
(internal cd drive),My one complaint is that there was no internal CD drive.
,Fits all my personal needs.
(mac mini),The Mac Mini is probably the simplest example of compact computing out there.
(microsoft),"So happy with this purchase, I just wish it came with Microsoft Word."
,I waited to review to make sure it is what it is.
(hdmi),I know some people complained about HDMI issues but they released a firmware patch to address that issue.
,Startup times are incredibly long: over two minutes.
(perfect size),It is the perfect size and speed for me.
,"With no problems,  I'm happy with this purchase because I saved money compared to buying it anywhere else."
,Yet my mac continues to function properly.
(macs),"If you get a lemon (I have two thirds of my  Macs), you have to send it in for repairs several times before they will replace it, even if they have numerous problems with the same version of their computers."
(dvd),No installation disk (DVD) is included.
(sound quality isnt superb),"Though please note that sometimes it crashes, and the sound quality isnt superb."
,"But I was completely wrong, this computer is UNBELIEVABLE amazing and easy to use."
,This one still has the CD slot.
,"The built quality is really good, I was so Happy and excited about this Product."
(macbook pro),The macbook pro is really responsive.
(apple#mini),This flaw unfortunately detracts from everything else Apple got right with the Mini.
(big storage#nice screen),"I needed a laptop with big storage, a nice screen and fast so I can photoshop without any problem."
,Searched it on amazon and on bestbuy.
,"Simple details, crafted aluminium and real glass make this laptop blow away the other plastic ridden, bulky sticker filled laptops."
,The only issue came when I tried scanning to the mac.
,I got this one for thanks giving Offer for $962 :).
,It is also fast as can be... you get what you pay for... well worth the investment
,Quietest laptop I have ever owned.
,It's just what we were looking for and it works great.
,"If that is the case, then I am completely happy"
,This laptop is a great buy.
(macbook),"Then only FOUR months later, my great MacBook pro FAILED."
(great product),"Nothing about it that i don't love, apple always makes a great product."
(macbooks),"Besides being elegant, the MacBooks are durable."
,It suddenly can not work.
(user#high tech),"User friendly, fast and high tech  It is amazing!"
(i5 processor#speeds things),And the fact that it comes with an i5 processor definitely speeds things up
,It is extremely fast and very compact.
,"After using it for over a month, an issue started to surface."
(mac os),MAYBE The Mac OS improvement were not The product they Want to offer.
,USB3 Peripherals are noticably less expensive than the ThunderBolt ones.
(overall),Overall a nice computer.
(word processing#graphic design),"It was important that it was powerful enough to do all of the tasks he needed on the internet, word processing, graphic design and gaming."
(wide screen#roomy keyboard),It has all the expected features and more +plus a wide screen and more than roomy keyboard.
(new laptop#mac#retina display),"It's been time for a new laptop, and the only debate was which size of the Mac laptops, and whether to spring for the retina display."
(web),Web surfuring is smooth and seamless.
,Within a few hours I was using the gestures unconsciously.
,NO STAR FOR THIS TRASH.[...
(mac#book pro#pc#mac),"I bought this Mac book pro along with a new 27"" iMac and while they are still light years more reliable than a PC I have noticed a decline in the reliability of my Mac computers."
(excellent performance),They don't just look good; they deliver excellent performance.
,"Its the best, its got the looks, super easy to use and love all you can do with the trackpad!.."
(firewire#gigabit ethernet#magsafe#microphone),"Other ports include FireWire 800, Gigabit Ethernet, MagSafe port, Microphone jack."
,This hardware seems to be better than the iMac in that it isn't $1400 and smaller.
(built-in applications#iphoto work),"The performance seems quite good, and built-in applications like iPhoto work great with my phone and camera."
,The troubleshooting said it was the AC adaptor so we ordered a new one.
,"The sound as mentioned earlier isn't the best, but it can be solved with headphones."
,There were no scratches or dents or any marks at all.
(form factor),I love the form factor.
,if yo like practicality this is the laptop for you.
,3D rendering slows it down considerably.
(macbook),This was the same problem with my MacBook (circa 2007) that I just retired.
,It is the best laptop ever!!!
,The ultimate graduation gift.
(hardware problems),"the hardware problems have been so bad, i can't wait till it completely dies in 3 years, TOPS!"
(mac),"It certainly does, but you rarely hear any of your friends with Mac's complain about anything."
,No Cd Rom in the new version there's no way I'm spending that kind of money on something has less features than the older version.
,I just fell in love with this thing.
,"Every day I had this computer, something failed on it."
(pc),"Actually, I think I was intimidated by the change from a PC."
,Not a scratch or mark on it.
(mac),Words cannot express how much I love my new Mac.
,I finally decided on this one and couldn't be any happier.
,"Only problem that I had was that the track pad was not very good for me, I only had a problem once or twice with it, But probably my computer was a bit defective."
,First of all yes this is a mac and it has that nice brushed aluminum .
(apple),"I expected so as it's an Apple product, but I was glad to see my expectations exceeded, this is THE laptop to buy right now."
,The new operating system makes this computer into a super iPad.
,See retired recently and decided that she wanted a laptop.
,You will not regret buying this computer!
,Very powerful especially for the money.
,I am pleased to report that it is one of the best presents I have received to date.
(friend look),"I am having a friend look at it , but will probably return it."
(pc),"The speed, the simplicity, the design.. it is lightyears ahead of any PC I have ever owned."
(high tech),"I haven't used it for anything high tech yet, but I love it already."
,Not super light but still a good one.
(ssd),"Put a SSD and use a 21"" LED screen, this set up is silky smooth!"
(os#apple),"Many people complain about the new OS, and it's urgent for Apple to fix it asap!"
(windows),Biggest complaint is Windows 8 .
,I have three words: Piece of Junk!
(sd#card reader),"The SD card reader is slightly recessed and upside down (the nail slot on the card cannot be accessed), if this was a self ejecting slot this would not be an issue, but its not."
(battery cycle),"However, it did not have any scratches, ZERO battery cycle count (pretty surprised), and all the hardware seemed to be working perfectly."
(dell#apple),I found it toughest to decide between Dell ultra books and Apple.
(apple),"As for the laptop, this is our 3rd Apple computer in the past 2 years."
,If you want more information on macs I suggest going to apple.com and heading towards the macbook page for more information on the applications.
,I'm done with WinDoze computers.
,"Even if you don't do business, thats okay, it's incredibly fast."
(mac),The worst a Mac ever did to me was freeze up.
,All you get is a box and a computer.
(new laptop),He's thrilled with his new laptop.
(magsafe#magsafe),"Note, however, that any existing MagSafe accessories you have will not work with the MagSafe 2 connection."
,I don't know why I didn't make the switch sooner...o ya because it's expensive.
(amazon#mini#intel#apple keyboard),"The Like New condition of the iMac MC309LL/A on Amazon is at $900+ level only, and it is a Quad-Core 2.5 GHz CPU (similar to the $799 Mini), with Radeon HD 6750M 512MB graphic card (this mini is integrated Intel 4000 card), and it even comes with wireless Apple Keyboard and Mouse, all put together in neat and nice package."
,I think it was around 16 hundred bucks last I checked.
,You can read all about the details of this marvelous computer on wikipedia.
(keyboard),Keyboard responds well to presses.
(ram),The RAM memory is good but should have splurged for 8Mb instead of 4Mb.
(runs),"Runs good and does the job, can't complain about that!"
(regular hard drive),I was concerned that the downgrade to the regular hard drive would make it unacceptably slow but I need not have worried - this machine is the fastest I have ever owned...
(apple),"The Dell Inspiron is fast and has a number pad on the keyboard, which I miss on my Apple laptops."
,The sound was crappy even when you turn up the volume still the same results.
(macbook pro#ca n't#apple#usb),"I just bought the new MacBook Pro, the 13"" model, and I can't believe Apple keeps making the same mistake with regard to USB ports."
,All my devises alk to each other.
(mac os#speaker quality#hp),I like coming back to Mac OS but this laptop is lacking in speaker quality compared to my $400  old HP laptop.
,Not too expense and has enough storage for most users and many ports.
,I love everything about this computer.
(signature quality),I'm hoping the rest of the features will be the signature quality of apple.
,"I was a little concerned about the touch pad based on reviews, but I've found it fine to work with."
,There has been no problem with anything.
,i had to return it for a replacement.
(mac),"The Mac mini is about 8x smaller than my old computer which is a huge bonus and runs very quiet, actually the fans aren't audible unlike my old pc"
,"But with this laptop, the bass is very weak and the sound comes out sounding tinny."
,i FINALLY DID IT AND THIS MACHINE IS THE WAY TO GO!
,Hopefully my replacement is brand new.
(os),"The OS is easy, and offers all kinds of surprises."
,It's a lottery at this point as I have read that other have received new ones with the same problem.
(mac mini),"I ordered my 2012 mac mini after being disappointed with spec of the new 27"" Imacs."
(shipped),Shipped very quickly and safely.
,I like the design and its features but there are somethings I think needs to be improved.
(apparent security#mini#form factor#nice graphics stuff),"I like iTunes, the apparent security, the Mini form factor, all the nice graphics stuff."
,I am used to computers with windows so I am having a little difficulty finding my way around.
(have#pc#os),I Have been a Pc user for a very long time now but I will get used to this new OS.
,I like the lighted screen at night.
(hdmi#usb),"Has all the other features I wanted including a VGA port, HDMI, ethernet and 3 USB ports."
(toshiba),(but Office can be purchased) IF I ever need a laptop again I am for sure purchasing another Toshiba!!
