(bread#positive),(food),The bread is top notch as well.
(delivery times#neutral),(service),I have to say they have one of the fastest delivery times in the city.
(Food#positive),(food),Food is always fresh and hot- ready to eat!
(coffee#positive),(food),Did I mention that the coffee is OUTSTANDING?
(sushi#positive)(place#positive),(food)(ambience),"Certainly not the best sushi in New York, however, it is always fresh, and the place is very clean, sterile."
(people#neutral),(anecdotes/miscellaneous),"I trust the people at Go Sushi, it never disappoints."
(Japanese food#positive)(Japanese food#neutral),(food),"Straight-forward, no surprises, very decent Japanese food."
(spicy tuna roll#neutral)(spicy tuna roll#neutral)(asian salad#positive),(food),"BEST spicy tuna roll, great asian salad."
(rose roll#positive)(menu#positive),(food),Try the rose roll (not on menu).
(food#positive),(food),"I love the drinks, esp lychee martini, and the food is also VERY good."
(Nicoise salad#neutral),(food),"In fact, this was not a Nicoise salad and was barely eatable."
(menu#positive),(food)(service),"While there's a decent menu, it shouldn't take ten minutes to get your drinks and 45 for a dessert pizza."
(food#neutral)(live entertainment#neutral),(food)(ambience),"Once we sailed, the top-notch food and live entertainment sold us on a unforgettable evening."
(waiter#neutral)(waiter#neutral),(service),Our waiter was horrible; so rude and disinterested.
(sangria#negative),(food),The sangria's - watered down.
(menu#negative),(food),"menu - uneventful, small."
(sushi#positive)(portions#positive)(price#positive),(food)(price),Anytime and everytime I find myself in the neighborhood I will go to Sushi Rose for fresh sushi and great portions all at a reasonable price.
(food#neutral)(food#neutral),(food)(service),Great food but the service was dreadful!
(portions of the food#negative),(food),The portions of the food that came out were mediocre.
(waitress's#neutral),(service),the two waitress's looked like they had been sucking on lemons.
(staff memebers#positive)(parking#neutral),(service)(anecdotes/miscellaneous),"From the beginning, we were met by friendly staff memebers, and the convienent parking at Chelsea Piers made it easy for us to get to the boat."
(desserts#positive),(food)(anecdotes/miscellaneous),We enjoyed ourselves thoroughly and will be going back for the desserts ....
(Desserts#positive)(Tart of the Day#positive),(food),Desserts are almost incredible: my personal favorite is their Tart of the Day.
,(anecdotes/miscellaneous),I am surprised at the lower reviews because it is definitely better than other places I have tried with higher ratings.
,(anecdotes/miscellaneous),Maybe the secret was that we went on a Sunday night and everything was great.
(food#positive)(wine#positive),(food),"The food was extremely tasty, creatively presented and the wine excellent."
,(anecdotes/miscellaneous),WE ENDED UP IN LITTLE ITALY IN LATE AFTERNOON.
,(anecdotes/miscellaneous),WE WERE PLEASANTLY SURPRISED WITH OUR CHOICE.
(LASAGNA#positive),(food),THE LASAGNA WAS PROBABLY THE BEST I HAVE TASTED.
(array of sushi#neutral),(food),Harumi Sushi has the freshest and most delicious array of sushi in NYC.
(cuisine#positive)(owners#positive),(food)(service),"I highly recommend it for not just its superb cuisine, but also for its friendly owners and staff."
(indian food#neutral)(ambiance#positive),(food)(ambience),"If you're craving some serious indian food and desire a cozy ambiance, this is quite and exquisite choice."
(food#positive),(food),I definitely enjoyed the food as well.
,(anecdotes/miscellaneous),have always had a great time here.
(service#positive),(ambience)(service)(food),"It was pleasantly uncrowded, the service was delightful, the garden adorable, the food (from appetizers to entrees) was delectable."
,(anecdotes/miscellaneous),You will be very happy with the experience.
(food#positive)(decor#positive),(food)(ambience),"The food is surprisingly good, and the decor is nice."
(lunch#negative)(dinners#negative),(food),How pretentious and inappropriate for MJ Grill to claim that it provides power lunch and dinners!
(steaks#neutral),(food),Two wasted steaks -- what a crime!
(staff#positive),(service),The staff should be a bit more friendly.
,(anecdotes/miscellaneous),I absolutely suggest this place.
(meatball parm#positive)(meatball parm#neutral),(food),I think the meatball parm is good.
(latin food#positive),(food),"If you want good tasting, well seasoned latin food eat at Cabana and you can't go wrong."
(taglierini with truffles#positive),(food),Definitely try the taglierini with truffles - it was incredible.
(staff#positive),(service),"Also, the staff is very attentive and really personable."
,(anecdotes/miscellaneous),"Overall, this is a great new restaurant that has been consistently good every time I have been."
(gnocchi#neutral),(food),The gnocchi literally melts in your mouth!
(staff#positive)(food#positive)(portobello/gorgonzola/sausage appetizer#neutral),(service)(food),Had a great experience at Trio ... staff was pleasant; food was tasty and large in portion size - I would highly recommend the portobello/gorgonzola/sausage appetizer and the lobster risotto.
(Entrees#negative)(lasagna#negative)(fettuccine Alfredo#negative)(chicken parmigiana#negative),(food),"Entrees include classics like lasagna, fettuccine Alfredo and chicken parmigiana."
(food#positive)(teriyaki#positive),(food),"The food is good, the teriyaki I recommend."
(Meal#positive),(food)(price),Meal was very expensive for what you get.
(Peanut Butter Sorbet#neutral)(pizza with soy cheese#neutral),(food),Try the Peanut Butter Sorbet and the pizza with soy cheese!
(food#neutral)(price#positive),(food)(price),"Good food at the right price, what more can you ask for."
,(anecdotes/miscellaneous),"We love it, and took buses and cabs to get there."
,(anecdotes/miscellaneous),"If you' re in New York, you do not want to miss this place."
(service#positive)(atmosphere#positive),(food)(service)(ambience),"The food is top notch, the service is attentive, and the atmosphere is great."
,(anecdotes/miscellaneous),"I've been coming here on and off for the past five years and I have to say that La Lanterna has never, ever dissapointed me."
(food#neutral)(waitstaff#positive)(atmosphere#positive)(food#positive)(beer#neutral),(food)(service)(ambience),"Great food, great waitstaff, great atmosphere, and best of all GREAT beer!"
(food#positive)(kimono shrimp special#positive)(kimono shrimp special#neutral)(atmosphere#positive),(food)(price)(ambience),this is still one of my most favorite restaurants in the area the food is inexpensive but very good (kimono shrimp special was excellent) and has a great atmosphere.
,(anecdotes/miscellaneous),"My husband and I moved to Nolita 6 years ago and for as long as we have lived here, Peasant has been our favorite!"
,(anecdotes/miscellaneous),The whole experience was satisfying.
,(anecdotes/miscellaneous),"However, it was worth the visit."
(menu#positive),(food)(price),The menu is interesting and quite reasonably priced.
(food#positive)(ingredients#positive),(food),The food was delicious and clearly fresh ingredients were used.
(food#positive),(food),This made it obvious that the food wasn't cooked fresh; it was obviously made before hand and then reheated.
(Appetizer#positive)(meal#positive)(meal#neutral),(food)(price),Appetizer are excellent here; you can make a great (and inexpensive) meal out of them.
(spicy mussels#neutral),(food),The spicy mussels are a highlight.
(Onion Rings#positive),(food),Also get the Onion Rings -- best we've ever had.
,(price),Would not return for the amount we paid.
(food#negative),(food),"However, being foodies, we were utterly disappointed with the food."
(portions#neutral)(service#positive)(prices#positive),(food)(service)(price),"Huge portions, great and attentive service, and pretty good prices."
(service#negative)(food#negative),(service)(food),I was highly disappointed by their service and food.
(waiter#negative)(manager#negative),(service),"I complained to the waiter and then to the manager, but the intensity of rudeness from them just went up."
(food#positive)(milkshakes#positive),(food),The food is great and the milkshakes are even better!
,(ambience),Stay away if you're claustrophobic
,(anecdotes/miscellaneous),"If you're in the 'hood, definitely stop in."
(mushroom barley soup#positive),(food),the mushroom barley soup is amazing.
,(anecdotes/miscellaneous),"On the recommendation of a friend, I checked out Arezzo with my wife."
(food#positive)(staff#positive),(food)(service),"I'm glad I did as the food was very good and the staff was friendly, courteous and efficient."
(duck#positive),(food),Their duck here is also absolutely delicious.
,(anecdotes/miscellaneous),This is definitely one of the places that I have continued to come back to over the years.
(drinks#positive)(food#positive),(ambience)(food),"While it was large and a bit noisy, the drinks were fantastic, and the food was superb."
(curried casseroles#neutral),(food),One caveat: Some of the curried casseroles can be a trifle harsh.
,(food),I wasn't impressed and it wasn't SPICEY????
(food#neutral),(food),The food was almost always EXCELLENT.
(taste#positive),(food),I was pleasently surprised at the taste.
(space#positive),(ambience)(food),"A nice space, as long as it doesn't get too crowded and a singleminded devotion to its chosen cuisine make Mare a great choice for seafood lovers."
(orange donut#neutral),(food),I never had an orange donut before so I gave it a shot.
(atmosphere#neutral)(atmosphere#neutral),(ambience),"they really provide a relaxing, laid-back atmosphere."
(meats#neutral),(food),This particular location certainly uses substandard meats.
,(anecdotes/miscellaneous),I stumbled upon this resteraunt on my way home from the subway.
(Management#negative),(service),The Management was less than accomodating.
(ambience#neutral),(ambience),The ambience is also more laid-back and relaxed.
(teas#positive)(sweets#positive),(food),the teas are great and all the sweets are homemade.
(mojitos#positive)(service#positive),(food)(service),mojitos and the service are the best part in there
(lemon-dressed cobb#neutral),(food),"Sandwiches, burgers and salads, like the lemon-dressed cobb, are classic successes."
,(anecdotes/miscellaneous),this restaurant is absolutely beautiful.
(design#positive),(ambience),The design is very intimate and romantic.
(food#neutral),(food),The food was wonderful and imaginative.
(staff#neutral),(service),The staff is very sharp and they look good too.
(taste#negative),(food),The worst though was the taste.
,(food),"They were dry, stale and pretty flavorless."
(fajita#negative)(mole sauce#positive)(mole sauce#neutral),(food),The fajita we tried was tasteless and burned and the mole sauce was way too sweet.
(roasted chickens#neutral),(food),Stay with the roasted chickens and you'll be fine.
(atmosphere#positive),(ambience),"The atmosphere is warm, comfortable, artsy and sexy."
(food#positive)(selection#positive)(selection#positive)(prices#positive)(drinks#positive),(food)(price),"The food is great (big selection, reasonable prices) and the drinks are really good."
(steak#neutral),(food),The steak melted in my mouth.
(waiters#positive),(service),"The food did take a few extra minutes to come, but the cute waiters' jokes and friendliness made up for it."
(priced#positive),(price),"Most importantly, it is reasonably priced."
(selection of food#positive)(atmosphere#positive),(food)(ambience),"The selection of food is excellent (I'm not used to having much choice at restaurants), and the atmosphere is great."
(dessert#neutral)(taste#neutral),(food)(price),"Only suggestion is that you skip the dessert, it was overpriced and fell short on taste."
(Food#positive),(food),"Food was decent, but not great."
,(anecdotes/miscellaneous),I have no idea why this restaurant is so often overlooked.
,(anecdotes/miscellaneous),"From the moment you walk in, you feel like you're in the perfect place."
(hot dog#positive),(food),i dont know what some people who rave about this hot dog are talking about.
(bar#neutral)(food#positive),(food)(ambience),it is a hidden delight complete with a quaint bar and good food.
,(anecdotes/miscellaneous),"I find that most Kosher restaurants are average to good, but this has been the best I've eaten so far."
(waiters#negative),(service),The waiters ALWAYS look angry and even ignore their high-tipping regulars.
(atmosphere#positive),(ambience),"the atmosphere is very nice, and a welcome escape from the rest of the SI mall."
(food#negative),(price)(food),"Yes, they're a bit more expensive then typical, but then again, so is their food."
,(anecdotes/miscellaneous),"Not terrible, but not the restaurant in the reviews of 2002."
(burgers#neutral)(salads#neutral)(mango margareta#neutral),(food)(price),"I can say that the wraps, burgers and salads were all fresh, tasty and the mango margareta at $9 was WELL WORTH the money."
,(food),It was delicious and large!
(prices#neutral),(price),"Anywhere else, the prices would be 3x as high!"
(service#positive),(service),The service we experienced was friendly and good.
(waiter#positive)(staff#neutral),(service),Our waiter was friendly and it is a shame that he didnt have a supportive staff to work with.
(folding chair#negative)(folding chair#neutral),(ambience),The folding chair I was seated at was uncomfortable.
,(anecdotes/miscellaneous),As we waited I watched 3 seperate groups of diners discuss how dissapointed they also were.
,(anecdotes/miscellaneous),An excellent choice in midtown.
(Service#positive),(service),Service was among the best I have ever had in NYC.
(fettucino alfredo#positive),(food),The fettucino alfredo was amazing.
(food#positive)(vegan options#positive),(food),The food was very good and I was pleasantly surprised to see so many vegan options.
(Indian food#positive)(Indian food#neutral),(food),I know real Indian food and this wasn't it.
(Smoked Trout#positive)(Lamb Chops#positive)(Veal Chops#positive)(Rabbit#positive)(potato gratin#positive),(food),"Be sure to try the Smoked Trout...Lamb Chops, Veal Chops, Rabbit, the potato gratin, on and on and on..."
(food#positive),(food)(service),"Even when the chef is not in the house, the food and service are right on target."
(eggs benedict#positive)(mussels#positive)(hamburger#positive),(food),Everything from the eggs benedict to the mussels and even the hamburger were done well and very tasty.
(waiters#positive),(service),"The waiters were very professional, courteous and attentive."
,(anecdotes/miscellaneous),My boyfriend and I went here last night and LOVED it!
(chicken#positive),(food),The falafal was rather over cooked and dried but the chicken was fine.
(grand marnier shrimp#negative),(food),"I highly reccomend the grand marnier shrimp, it's insanely good."
(food#positive)(food#positive)(food#positive)(food#positive)(service#positive),(food)(service),"We been there and we really enjoy the food, was areally great food, and the service was really good."
(Desserts#neutral)(flan#neutral)(sopaipillas#neutral),(food),Desserts include flan and sopaipillas.
(portions#positive),(food),I was starving and the small portions were driving me crazy!
(wait staff#negative),(service),The wait staff was loud and inconsiderate.
(food#neutral)(service#neutral),(food)(service),"However, the food and service and dramatically lacking."
(sushi#neutral),(food),The sushi is cut in blocks bigger than my cell phone.
(service#positive),(service)(food),"The service is great, my soup always arrives nice and hot."
(crepes#positive),(food),It had been awhile and I forgot just how delicious crepes can be.
(desserts#positive)(creme brulee#neutral)(apple tart#neutral),(food),Montparnasse's desserts--especially the silken creme brulee and paper-thin apple tart--are good enough on their own to make the restaurant worth the trip.
,(anecdotes/miscellaneous),My friend told me about this restaurant for a year before he finally took me this weekend.
(shrimp creole#positive),(food),i had a delicious shrimp creole.
(chicken dinner#positive),(food),The chicken dinner was real good.
(chili signed food items#neutral),(food),Beware of the chili signed food items not unless you want to call the fire department to douse the flames in your mouth.
(decor#positive),(ambience),The decor is designed in a contemporary Japanese style restaurant.
(food#positive),(food),but the food was delicious.
(coconut rice#neutral),(food),"Try the ribs, sizzling beef and couple it with coconut rice."
,(price),The only drawback is that it's a little pricey.
,(anecdotes/miscellaneous),Everything about this place was wonderful.
(avocado salad#neutral),(food),The avocado salad is a personal fave.
(honey BBQ rib tips#neutral),(food),"And, the honey BBQ rib tips are yummy!"
(Chinese food#neutral)(Chinese food#neutral),(food),The BEST Chinese food Uptown!
(Service#positive),(service),Service is known for bending over backwards to make everyone happy.
(atmosphere#positive),(ambience),"The atmosphere is attractive, but a little uncomfortable."
(staff#positive),(service),The staff is very friendly.
(Waiters#positive),(service)(food),Waiters are very friendly and the pasta is out of this world.
(wine list#neutral)(wine list#positive),(food),Great wine list and great cocktail menu.
(crab cakes#positive)(BBQ rib#positive),(food),The crab cakes are delicious and the BBQ rib was perfect.
(food#neutral),(food),"The food is wonderful, artfully done and simply delicious."
(service#positive),(service)(ambience),Tiny restaurant with very fast service.
(sauce#neutral),(food),"The sauce may not be for everyone, since it is distintive."
(service#neutral)(desserts#positive),(service)(price),My husband and I have been there at least 6 times and we've always been given the highest service and often free desserts.
(atmosphere#positive)(atmosphere#positive),(ambience),"A beautiful atmosphere, perfect for drinks and/or appetizers."
,(anecdotes/miscellaneous),Curioni's Pizza has been around since the 1920's.
(pizza#positive),(food),They make the best pizza in New Jersey.
,(anecdotes/miscellaneous),I recently visited over this past summer after being away for a year.
(service#positive)(food#positive)(beer list#neutral)(beer list#positive),(service)(food),"What a difference, the service was very comforting and the food was better than average, but what really standed out was such a dynamic and extensive beer list."
(chinese food#neutral),(food),"Frankly, the chinese food here is something I can make better at home."
(waiter#positive),(service),There was only one waiter for the whole restaurant upstairs.
(soft shell crab#positive),(food),We started with the scallops and asparagus and also had the soft shell crab as well as the cheese plate.
(service#positive),(service),"Not to be overlooked, the service is excellent."
(hotdogs#negative),(food),this without question is one of the worst hotdogs i have ever had.
(staff#positive)(Saag gosht#positive),(service)(food),"The staff is unbelievably friendly, and I dream about their Saag gosht...so good."
(garlic knots#neutral),(food),I also recommend the garlic knots.
(Indian food#neutral),(food),Best Indian food I have ever eaten.
,(anecdotes/miscellaneous),You won't be dissapointed.
(pizza#positive),(food),This place has the best pizza.
,(anecdotes/miscellaneous),Culinaria is a welcome addition to the Garment district- far better than any restaurant in the area.
(music#neutral),(ambience),The music which is sometimes a little too heavy for my taste.
(service#positive),(service),The service is excellent and always informative without an air.
(owner#positive)(staff#positive),(service),The owner and staff go to great lengths to make you feel comfortable.
,(ambience),I can't stand this dungeon.
(sushi#positive),(food),The sushi is always fresh and yummy and the menu is pretty varied.
(food#positive)(cooked food#positive)(sushi#positive)(food#neutral)(cooked food#neutral),(food),"The food was great - sushi was good, but the cooked food amazed us."
(dinner specials#positive),(food),their dinner specials are fantastic.
,(food),Delish and made to your liking!
(food#neutral)(drinks#positive)(dining atmosphere#positive),(food)(ambience),"Great food, great drinks, nice dining atmosphere."
(price#negative)(food#negative),(price)(food),"For the price you pay for the food here, you'd expect it to be at least on par with other Japanese restaurants."
(Food portion#negative),(food),Food portion was SMALL and below average.
,(anecdotes/miscellaneous),Do yourself a favor and avoid this place at ALL COST!
,(anecdotes/miscellaneous),since the first time I came here I've been hooked.
(chairs#positive),(ambience),Sit back in one of those comfortable chairs.
,(anecdotes/miscellaneous),"People in the neighborhood seem to love it, too."
,(anecdotes/miscellaneous),"in conclusion, THIS PLACE SUCKS!!!"
(Tacos Pastor#neutral)(Tostada de Tinga#neutral),(food),My favs here are the Tacos Pastor and the Tostada de Tinga...
,(anecdotes/miscellaneous),"Nick Stef's is one of the only places worthy of going in the area, so if you happen to be by Madison Square Garden or Herald's Square check it out!"
,(anecdotes/miscellaneous),Have to tell you: Not at all impressed.
(bartenders#positive)(decor#neutral),(service)(ambience),"The bartenders and the managers are really nice and the decor is very comfy and laid-back, all the while being trendy."
(hot and sour soup#positive)(soup and sandwich meal#positive),(food),"For a savory take on the soup and sandwich meal, try the hot and sour soup."
(drinks#positive)(atmosphere#positive)(service#positive)(food#positive),(food)(ambience)(service),"This bar has it all - great drinks, cool atmosphere, excellent service and delicious food."
(chick peas with shrimp (appetizer#neutral),(food),"Also, the chick peas with shrimp (appetizer) is divine."
(service#positive),(service),"Finally, I got sick of the bad service, obnoxious smirks, and snotty back talk."
,(anecdotes/miscellaneous),How have I never been to Agave before?
,(price),"You're going to drop some coin, but completely worth it, especially if you are looking to impress someone."
(lamb#positive),(food),We ordered lamb which was perfectly cooked and tasted awesome.
(soft shell crab sandwich with fries#positive)(soft shell crab sandwich with fries#neutral),(food),i especially like their soft shell crab sandwich with fries.
(hong kong-style food#positive)(hong kong-style food#neutral)(hong kong-style food#neutral),(food),"if you're looking for authentic hong kong-style food, look no further."
,(anecdotes/miscellaneous),My wife I lived on the west side and found this while visiting firends on the UES.
(wine#positive)(wine#positive),(food),good food good wine that's it.
,(anecdotes/miscellaneous),A nice find in the neighborhood.
(staff#positive),(service),The staff was extremely friendly and pleasant.
,(service),"And as SOON as one person is done, she asked to pick up the plate immediately."
,(anecdotes/miscellaneous),"This place is Italian, not French."
,(anecdotes/miscellaneous),"After so many great reviews here, my bf and I went to Esca to celebrate my birthday last nite."
(kitchen food#positive),(food),"While their kitchen food is delicious, their Sushi is out of this world."
,(ambience),"There was a heat problem to boot, so it was about 40 degrees in the restaurant -- we had to request to uncheck our coats!"
(service#positive)(waitresses#positive)(atmosphere#positive),(service)(ambience),"everything is scrumptious, from the excellent service by cute waitresses, to the extremely lush atmosphere."
(italian food#positive)(italian food#positive)(italian food#neutral),(food),"It's traditional, simple italian food."
,(anecdotes/miscellaneous),My girlfriend and I just spent our 10 month anniversary at Lou Lou.
(food#positive)(rolls#positive)(sushi/sashimi#positive),(food),"The food is all-around good, with the rolls usually excellent and the sushi/sashimi not quite on the same level."
(sashimi#negative),(food),(The sashimi is cut a little thinly.
,(anecdotes/miscellaneous),"Bay Terrace mall is nothing (ok, almost nothing) without it!"
(price#positive),(price),Could have had better for 1/3 the price in Chinatown.
,(anecdotes/miscellaneous),My husband and I had a blast.
,(anecdotes/miscellaneous),personally i say save your money.
(hot dogs#positive)(hot dogs#positive)(breakfast sandwiches#neutral)(English muffins#neutral)(pork product#neutral),(food),"In addition to great hot dogs, DOTP has wonderful breakfast sandwiches that feature, in addition to great things like tator tots and English muffins, a delicious NJ-based pork product know to us Jersey girls and boys as Taylor ham."
,(anecdotes/miscellaneous),"Believe me, they live up to the name."
(manager#neutral)(bartender#neutral),(service),"Well, it happened because of a graceless manager and a rude bartender who had us waiting 20 minutes for drinks, and then tells us to chill out."
(service#positive)(atmosphere#positive),(service)(ambience),"Not only is the service great, but forming conversation around a table is so easy beacuse the atmosphere can be both romantic and comfortable."
(green chillis#positive),(food),"When the dish arrived it was blazing with green chillis, definitely not edible by a human."
(service#neutral)(service#negative),(service)(food),The absolute worst service I've ever experienced and the food was below average (when they actually gave people the meals they ordered).
(lunch#neutral)(take-out#neutral)(dine-in#neutral),(price)(service),It's about $7 for lunch and they have take-out or dine-in.
,(anecdotes/miscellaneous),They are by far the BEST past in New York.
,(anecdotes/miscellaneous),I have eaten here several times before attending an afternoon performance.
,(price),Everything is very cheap.
(fresh juice concoctions#positive),(food),Be sure to accompany your food with one of their fresh juice concoctions.
(food#positive)(prices#positive),(food)(price),The food is great and the prices are reasonable.
(place#positive)(place#positive),(ambience)(food),"The place is clean, and if you like soul food, then this is the place to be!"
,(anecdotes/miscellaneous),You'll see a lot of people eating there after church.
(roast chicken#negative)(salad#negative),(food),I had roast chicken and a salad.
,(anecdotes/miscellaneous),I've been a regular customer at Juice Generation for the last 3 months - my office moved to the Film Center on Ninth Avenue and they are on the next block.
(chicken with avocado#positive)(chicken with avocado#positive),(food),They have a very good chicken with avocado and good tuna as well.
,(anecdotes/miscellaneous),It's the kind of place I like to support!
(meals#neutral),(food),But the meals were terrible.
(chicken#neutral)(sauce#neutral),(food),My chicken was completely dried out and on the cold side and the sauce was not very flavorful.
(Malted Milk Ball Gelato#positive),(food),Malted Milk Ball Gelato - have you ever in your life heard of anything so ridiculously wonderful?
,(anecdotes/miscellaneous),just walk by the window and see all the unbiased positive reviews in all the major nyc publications.
(meal#neutral),(price)(food),Way too much money for such a terrible meal.
,(anecdotes/miscellaneous),Would not recommend anyone to go.
(service#neutral),(service),"However, the service is absolutely horrible."
(bar service#negative),(service),A con was the slow bar service.
(Dessert#neutral),(food),Dessert was also to die for!
(service#positive),(service),"BTW, the service is very good ."
,(anecdotes/miscellaneous),We loved it and will go back!
,(anecdotes/miscellaneous),I came again weeks later with my boyfriend and again had a very nice experience.
(black vinegar#positive)(shredded ginger#neutral),(food),It's eaten with black vinegar and shredded ginger.
(lighting#neutral)(food#negative)(disco pop duo#negative),(ambience)(price)(food),"The unattractive lighting made me want to gag, the food was overpriced, there was the most awful disco pop duo performing-and my escargot looked like it might crawl off the plate."
,(anecdotes/miscellaneous),We'll definitly be back again!
,(anecdotes/miscellaneous),This is the best Italian restaurant in the city.
(place#positive),(ambience),it is a cozy place to go with a couple of friends.
(service#positive),(service),"The service is always great, and the owner walks around to make sure you enjoy."
(waiters#neutral),(service),because the waiters need SEVERE ATTITUE ADJUSTMENTS.
,(anecdotes/miscellaneous),"There are numerous shavue restaurants in LA, but few out here."
,(anecdotes/miscellaneous),Horrible experience - stay away!
,(anecdotes/miscellaneous),"If this restaurant was in Manhattan, I would definitely go more often."
(food#positive),(food),the food is delicious and highly recommended.
(waiter#negative),(service),"When it came time to take the order the waiter gave us a hard time, walked away then came back with a paper and pen for us to write down what we wanted...excuse me but isn't that his job???"
,(anecdotes/miscellaneous),One of my Fav spots in the city.
,(price)(anecdotes/miscellaneous),"Over priced, overrated....stay away!"
,(anecdotes/miscellaneous),Do not go to this restaurant.
,(anecdotes/miscellaneous),"since i was in the neighborhood, we made sure to give this a try."
,(anecdotes/miscellaneous),All I can say is they are fantastic.
(salads#neutral)(vegetarian platters#neutral),(food),Dieters stick to salads or indulge in vegetarian platters.
(meal#positive),(food),So for a filling and healthy meal give it a go.
,(anecdotes/miscellaneous),I can't imagine how much worse it would have been if we'd gone at a prime time!
,(anecdotes/miscellaneous),I have dined at Mammino several times now and each time it gets bettter.
,(anecdotes/miscellaneous),Definitely something to come down and check out.
(food#positive),(anecdotes/miscellaneous),"Since I cook for a living, I'm very fussy about the food I eat in restaurants."
(service#positive),(service),The service was outstanding.
,(anecdotes/miscellaneous),I went for restaurant week.
(pizza#neutral),(anecdotes/miscellaneous),My friends and I stop here for pizza before hitting the Kips Bay movie theater.
(pizza#positive),(food),We always enjoy the pizza.
(service#positive),(service),The service is pretty good.
,(anecdotes/miscellaneous),I went there with a few friends and will return.
,(anecdotes/miscellaneous),This place has been around for a few years.
(chicken#positive),(food),"Yum, the chicken is great here."
,(anecdotes/miscellaneous),I highly recommend this restaurant!!
,(anecdotes/miscellaneous),You will find everything about Trio to your liking!
,(anecdotes/miscellaneous),This place was the worst.
,(anecdotes/miscellaneous),I ordered from here last week.
,(anecdotes/miscellaneous),"This is a nice sushi restaurant in Brooklyn that's located on 86 street, right underneath the train station."
(food#positive),(food),"The food here was great, a treat from beginning to end."
(host (owner)#neutral),(service),The host (owner) and servers are personable and caring.
,(anecdotes/miscellaneous),I decided to try out this place after hearing about it in many magazines.
(hostess#neutral),(food)(ambience)(service),"It's just everything...the food, the atmosphere...the incrediby kind and gracious hostess."
,(anecdotes/miscellaneous),Having moved I truly miss this place.
(food#positive)(service#positive),(food)(service),The food is very good and the service is great.
(Vietnamese Beef Noodle Soup#neutral),(food),I usually get one the Vietnamese Beef Noodle Soup.
,(anecdotes/miscellaneous),"SUM IT: local investment bankers like it, try for yourself at least once."
,(anecdotes/miscellaneous),I started going to dosa hut more after that.
(dining experience#neutral),(anecdotes/miscellaneous),We were wondering why they were there to make our dining experience miserable?
,(anecdotes/miscellaneous),"Too bad, has a lot of potential."
(Indian food#positive)(Indian food#neutral),(food),"This place has the best Indian food in New York, hands down."
(waiters#positive),(service),The waiters are very friendly and helpful and if you frequent they will remember you.
(interior#neutral)(service#positive),(ambience)(service),Intimate but charming interior with extremely friendly and attentive service.
(food#positive),(food)(ambience),The food was as creative as the decor and both worked.
,(anecdotes/miscellaneous),Siam Square is fairly new to the neighborhood and I think in time will gain the recognition it deserves.
,(anecdotes/miscellaneous),My first experience at Siam Square was very pleasant.
,(anecdotes/miscellaneous),I have gone back to Siam Square many times since and everytime I am very satisfied overall.
(menu#positive)(selection#positive),(food),"The menu is great, with a good selection, and everything that I have tried is absolutely delicious."
,(anecdotes/miscellaneous),We had our Christmas party at Dos Caminos and it was wonderful.
,(anecdotes/miscellaneous),My personal favorite is Nick and Joe's.
(sauce#neutral)(crust#positive),(food),The sauce is zesty and flavorful and the crust is nice and crispy.
(sushi#positive),(food),This place has the best sushi in the city.
(selection#positive)(selection#positive)(rolls with crab#positive),(food),They have an excellent selection (the rolls with crab are really great).
(host#neutral)(bartender#neutral)(servers#neutral),(service),"Everyone who works there (the host, the bartender, the servers) is so helpful."
(food#positive),(food),And the food is fantastic.
(potato spinach gnocchi#neutral)(lamb#neutral),(food),Favourites include: potato spinach gnocchi and the lamb.
,(price),Another great thing about Glechik-everything is very cheap!
(lunch#negative),(anecdotes/miscellaneous),"Unfortunately, we chose this spot for lunch as we had done a lot of walking and ended up at the South St Seaport."
(sandwiches#positive),(food),But regulars know that the sandwiches are the real star here.
(Portuguese cheese cart#neutral),(food),The skillfully chosen Portuguese cheese cart paired with quality port provides the perfect Iberian ending.
(blueberry pancakes#neutral),(food),My friend had a burger and I had these wonderful blueberry pancakes.
(food#positive)(bill#positive),(food)(price),We were so happy with our food and were even more thrilled when we saw the bill.
,(anecdotes/miscellaneous),I would definitely come back to this restaurant.
,(anecdotes/miscellaneous),The place just isn't ready for prime time.
(toppings#positive)(crust#positive),(food),"All toppings are so fresh you'd think they had their own vegetable garden and the crust is so perfect, that one actually thinks of how it was made."
,(anecdotes/miscellaneous),Quartino is my favoriate resturant in NYC.
(service#positive),(service)(food),We've always gotten amazing service and we love the food.
(waitstaff#neutral)(food#neutral),(service)(food),"The waitstaff is solicitous and friendly and always seems glad to see us, and the food is wonderful, if not stunningly creative."
(lobster ravioli#positive),(food),I'm in love with the lobster ravioli!
,(service),My order is on my table even on a busy friday night within 10 minutes (at the most) of hanging up the phone.
(meal#positive),(food),We came across this restaurant by accident while at a DUMBO art festival and thoroughly enjoyed our meal.
(Service#positive),(service)(price)(food),"Service is excellent, no wait, and you get a lot for the price."
(food#positive),(price),I thought the food isn't cheap at all compared to Chinatown.
,(anecdotes/miscellaneous),And you never get the feeling that you need to leave.
(Coffee#positive)(Cosi sandwiches#positive),(price),Coffee is a better deal than overpriced Cosi sandwiches.
(drink#neutral),(anecdotes/miscellaneous),We didn't know if we should order a drink or leave?
,(anecdotes/miscellaneous),great neighbhorhood spot.
,(anecdotes/miscellaneous),Bobb V's is a great place to take your Friends and Family!
(prices#positive),(price)(anecdotes/miscellaneous),") It's not the best Japanese restaurant in the East Village, but it's a pretty solid one for its modest prices, and worth repeat visits."
(food#positive),(food)(service),The food is so good and so popular that waiting can really be a nightmare.
,(anecdotes/miscellaneous),"Here's the thing, you're in the best city in the world for restaurants."
,(anecdotes/miscellaneous),Go spend your money somewhere that really wows you.
,(ambience),"The crowd was older and the restaurant is very cramped, but it has old school charm."
,(anecdotes/miscellaneous),This is a real gem of a place.
,(anecdotes/miscellaneous),I think this a a wonderful place.
(ambience#positive),(ambience),First walking in the place seemed to have great ambience.
(brunch#neutral),(anecdotes/miscellaneous),I went to Kitchenette this weekend for brunch.
,(anecdotes/miscellaneous),"This place doesn't get the publicity that Sylvias Soul Food restaurant does, but it should."
,(anecdotes/miscellaneous),Just because P Diddy had a party at Butter doesn't mean we should be automatically impressed.
(food#positive),(food),Even for two very hungry people there is plenty of food left to be taken home (it reheats really well also).
,(anecdotes/miscellaneous),"Like I said, Nick and Joe's may not be everyone's favorite, but it's mine."
,(service),The help was extremely nice and did not rush us.
(crust#negative),(food),"Then they somehow made a dry and burnt crust, around a raw and cold inside."
(food#positive),(food),"It's just good food, nothing more and that's all we want!"
,(anecdotes/miscellaneous),DON'T KNOW WHAT THE OTHERS ON THE BLOCK WERE LIKE BUT WE WERE PLEASED WITH OUR CHOICE.
(cake#negative),(food),Average cake thats been courted by a LOT of hype.
,(anecdotes/miscellaneous),It's cute and simple and I loved it.
(dinner#positive),(anecdotes/miscellaneous),My wife and I recently visited the bistro for dinner and had a wonderful experience.
(SERVICE#positive),(service)(anecdotes/miscellaneous),THE SERVICE IS PERFECT TOO  NOTHING WRONG IN THIS ITALIAN/FRENCH RESTAURANT
,(anecdotes/miscellaneous),My fiance and I recently wanted to see the city and deceided to take a dinner cruise.
(Delmonico steak#neutral),(food)(price),The $72 Delmonico steak had to be sent back because it was not cooked to order.
(menu#positive),(food),Everytime I go there I can't pick anything to eat and not because the menu is filled with great things to eat.
(rice#negative)(beans#negative)(chicken#negative),(price),Half a chicken with a mountain of rice and beans for $6.25.
(service#positive)(value#positive),(service)(price),"The service is really fast and friendly, and the value is great."
(food#positive)(value#positive),(food)(price),We were very impressed with the food and value.
(garlic soup#neutral),(food),You must try the garlic soup!
(Mediterranean delights#positive)(Mediterranean delights#neutral)(Mediterranean delights#neutral),(food)(price),"Casablanca servces delicious falafel, tabouleh, humus and other Mediterranean delights, which are all very inexpensive."
,(anecdotes/miscellaneous),"Even after a few bad evenings at Bardolino, I keep coming back."
(pizza's#positive),(food),"The pizza's are made fresh, crispy, and ready to serve."
,(anecdotes/miscellaneous),"There are many french bistros in the midtown area, and I wholheartedly recommend this one."
(Staff#positive),(service),Staff is accomodating make sure you are satified.
(Chef#neutral),(food),Chef Waldy's always measures up.
,(anecdotes/miscellaneous),This diamond in the ruff is definitely worth my 10-minute walk from the 6 train.
,(anecdotes/miscellaneous),"Being a vegan myself, I've made a point of trying all the vegan restaurants in Manhattan--and Zen Palate is easily my favorite."
,(anecdotes/miscellaneous),Don Pedro's is one of my favorite restaurants.
(sushi#positive),(price)(food),Reasonably priced with very fresh sushi.
(Seafood Paella for two#neutral),(food),Go for the Seafood Paella for two.
(Sangria#positive),(food),All of the apetizers are good and the Sangria is very good.
,(anecdotes/miscellaneous),Cantinetta is a real treasure in a see of mediocre Italian restaurants.
(service#positive)(server#positive),(service),"The one positive thing I can say is that the service was prompt, we got seated right away and the server was very friendly."
(food#positive),(service)(food),The staff greeted me warmly at the door and I was seated promptly and the food was excellent.
,(anecdotes/miscellaneous),Whether one pizza place is better than another is often very subjective.
,(anecdotes/miscellaneous),Really nice restaurant to go with a group or on a date.
(Service#positive),(service),Service is usually pretty good.
(Host#neutral)(Hostess#neutral),(service),Host and Hostess was quite rude.
,(anecdotes/miscellaneous),You will not be missing anything.
,(anecdotes/miscellaneous),I discovered Applebees when I went away to college in VA.
(wait staff#positive)(meal#positive),(service)(food),"the wait staff is very friendly, if your not rude or picky.......our meal at Leon last weekend was great -."
(salmon dishes#neutral),(food),I recommend any of their salmon dishes......
(foie gras#positive)(foie gras#neutral),(food),The foie gras was sweet and luscious.
(menu#neutral),(food),"The menu, which changes seasonally, shows both regional and international influences."
(mac cheese#neutral),(food),but their mac cheese was YUMMY!
(brunch menu#neutral),(food),their brunch menu had something for everyone.
(jazz singer#positive),(ambience),jazz singer had a nice voice + she made us all get up to dance to shake some cals to eat some more.
,(anecdotes/miscellaneous),"I often find myself with time to kill in Times Square, which is a shame since I don't love this area."
(service#positive)(service#positive),(service),They have very quick service which is great when you don't have much time.
(food#positive)(breakfast food#positive)(food#positive)(breakfast food#positive),(food),"The food is average: breakfast food, soups, salads, sandwiches, etc."
(FOOD#negative),(food),I WAS HIGHLY DISAPPOINTED BY THE FOOD.
(BANANA PUDDING#positive)(CRABCAKES#positive)(MAC AND CHEESE#positive),(food),"THE BANANA PUDDING THEY SERVE HAS NEVER SEEN AN OVEN,THE CRABCAKES ARE WAY OVER SALTED AND DON'T GET ME STARTED ON THE VERY GREASY MAC AND CHEESE."
(staff#negative)(prices#positive),(service)(price),"The staff is arrogant, the prices are way high for Brooklyn."
,(anecdotes/miscellaneous),This place is average... at best.
(service#positive),(service),the service is prompt friendly.
,(anecdotes/miscellaneous),Whatever the reason it is definitely the place to be.
(food#positive),(food),This is literally a hot spot when it comes to the food.
(downstairs bar scene#positive),(ambience),The downstairs bar scene is very cool and chill...
(food#positive),(food)(price),"The food was definitely good, but when all was said and done, I just couldn't justify it for the price (including 2 drinks, $100/person)..."
(casual lunches#positive),(anecdotes/miscellaneous),I've come here for casual lunches as well as for a friend's birthday and I always enjoy myself.
(Tequila#negative),(food),If you are a Tequila fan you will not be disappointed.
(beer selection#neutral),(food),"Great beer selection too, something like 50 beers."
,(anecdotes/miscellaneous),"After reading the great reviews, I invited a die-hard downtown friend of mine to join me at TASTE."
(delivary#negative),(service),Not to sound too negative but be wary of the delivary.
,(anecdotes/miscellaneous),Feels like family when we go there.
(food#positive),(food)(price)(service),"I found the food to be just as good as its owner, Da Silvano, just much less expensive."
(homemade pastas#positive),(food),They have homemade pastas of all kinds -- I recommend the gnocchi -- yum!
(flavor#neutral),(food),"My vegetable risotto was burnt, and infused totally in a burnt flavor."
,(anecdotes/miscellaneous),What a pleasant surprise!
(price#positive),(price),The main draw of this place is the price.
(service#neutral),(service),How can hope to stay in business with service like this?
(dinner#negative),(food)(price),"But dinner here is never disappointing, even if the prices are a bit over the top."
(homemade sorbets#positive),(food),"Not only did they have amazing, sandwiches, soup, pizza etc, but their homemade sorbets are out of this world!"
(homemade Guacamole#positive)(entree#neutral)(deserts#positive),(food),"the homemade Guacamole, the unbelievable entree, and thee most amazing deserts."
(sushi#positive)(priced#positive),(food)(price),The sushi is reasonably priced and fresh.
,(food)(service)(ambience),"It's no-fuss, fast and delicious."
(deserts#neutral),(food),Save room for deserts - they're to die for.
(grill#positive)(Churrasco#positive)(Ribs#positive),(food),Best things to order are from the grill (Churrasco and Ribs).
(traditional Italian items#positive)(traditional Italian items#positive)(traditional Italian items#neutral)(setting#positive),(food)(price)(ambience),The traditional Italian items are great - cheap and served in a cozy setting.
(iced blended mocha#neutral)(hot white mocha#neutral)(iced blended mocha#neutral)(hot white mocha#neutral)(iced blended mocha#positive)(hot white mocha#positive)(iced blended mocha#neutral)(hot white mocha#neutral),(food),Whether your choose the iced blended mocha or the hot white mocha you are sure to be extremely happy.
(late lunch#negative),(anecdotes/miscellaneous),last Tuesday for a late lunch with a friend.
,(food),It was delish and I didn't feel bad eating it.
(parmesan cheese#neutral),(service),Another friend had to ask 3 times for parmesan cheese.
(waitress#negative)(food#negative)(wine#negative),(service),"Our waitress had apparently never tried any of the food, and there was no one to recommend any wine."
(service#negative)(portions#positive),(service)(food)(anecdotes/miscellaneous),"The service was a bit slow and the portions are a bit small so if you are hungry and in a rush, this is not the place for you."
,(anecdotes/miscellaneous),"No doubt the next time we want to go out for a special occasion or are entertaining guests from out of town, Spirit and Bateaux will be our destination."
,(anecdotes/miscellaneous),i would recommend Jewel Bako if you want to feel like you were kicked in the groin and had to pay for it too.
(ambiance#positive),(ambience)(anecdotes/miscellaneous),"The ambiance was pretty cool, but not worth the hassle."
(salad#negative)(salad dressing#negative)(quesedilla#negative),(service),The unfortunate lady next to us thought she had ordered a salad (including asking for salad dressing) and was instead given a quesedilla.
(pizza's#positive),(food)(anecdotes/miscellaneous),"El Nidos one of the best restaurants in New York which I've ever been to, has a great variety of tasty, mouth watering pizza's."
(service#negative)(food#neutral),(service)(food)(price)(anecdotes/miscellaneous),"The service was pretty poor all around, the food was well below average relative to the cost, and outside there is a crazy bum who harasses every customer who leaves the place."
(food#neutral)(food#positive)(staff#positive),(food)(price)(service),Although I moved uptown I try to stop in as often as possible for the GREAT cheap food and to pay the friendly staff a visit.
(bar#negative),(anecdotes/miscellaneous),I had to wait for my friend at the bar for a few minutes
(Chef#positive),(food),"Chef Vincenzo, always there if you need him, is a real talent and a real Roman."
(Indian food#positive)(Indian food#neutral)(service#positive),(food)(service),"If you're looking to taste some great Indian food and want good service, definitely visit Curry Leaf."
(kompot#neutral),(food)(anecdotes/miscellaneous),"You must try Odessa stew or Rabbit stew; salads-all good; and kompot is soo refreshing during the hot summer day (they make it the way my mom does, reminds me of home a lot)."
(lunch#positive),(food),My daughter and I left feeling satisfied (not stuffed) and it felt good to know we had a healthy lunch.
,(anecdotes/miscellaneous),I'm almost tempted to give this place a bad review so I can keep the crowds away...been going there on and off for a year now and it's really my fave hang out in the city.
(waitress#negative),(service),"When she complained, the waitress said, Sorry."
(quality of the meat#neutral),(food),The quality of the meat was on par with your local grocery store.
(fresh juices#positive),(food),They specialize in smoothies and fresh juices.
,(food),"It first came well done, and I politely sent it back."
(black roasted codfish#neutral)(dish#positive),(food),"I recommend the black roasted codfish, it was the best dish of the evening."
(waiter#negative)(menu#negative)(manager#negative),(service)(anecdotes/miscellaneous),The manager then told us we could order from whatever menu we wanted but by that time we were so annoyed with the waiter and the resturant that we let and went some place else.
(chicken#negative),(food),"In mi burrito, here was nothing but dark chicken that had that cooked last week and just warmed up in a microwave taste."
(reservation#positive),(anecdotes/miscellaneous),"during busy hrs, i recommend that you make a reservation."
,(anecdotes/miscellaneous),Don't waste your time or your money.
,(anecdotes/miscellaneous),"it's good but, like the movie is never as good as the book, this is same analogy."
,(anecdotes/miscellaneous),it was a very warm experience.
(brunch#positive),(anecdotes/miscellaneous),I went to Common Stock for brunch and I was so impressed.
(sushi#neutral)(sushi#neutral),(food),"now called nikki sushi, sushi is OK."
(food#positive),(food)(service),The food is also outstanding and is served quite quickly.
,(price)(anecdotes/miscellaneous),I just have nothing to say about this place that is negative except that it's not a cheap night out...but it's SO worth it.
(erbazzone emiliana#neutral),(food),"From the erbazzone emiliana to the mostarda on the cheese plate, the dishes at this restaurant are all handled with delicate care."
(food#positive)(vibe#positive),(food)(ambience),The food is delicious and the bar has a great vibe.
,(anecdotes/miscellaneous),expectations were real hi reading the '10's'.
(candlelight#neutral)(music#neutral),(ambience),There's candlelight and music.
,(anecdotes/miscellaneous),It's nice to find a place that is open 24 hours (especially in downtown Brooklyn).
(food#positive)(food#positive)(food#neutral),(food)(price),Simple healthy unglamorous food cheap.
(dining experience#positive),(anecdotes/miscellaneous),"It was such a fantastic dining experience, that I returned again the same week."
(food#positive)(service#positive),(food)(service),"To be fair, the food still is good and the service is quick and attentative even though its usually very busy."
(place#positive)(food#positive),(ambience)(food),The place is absolutely adorable and the food is delicious.
(Chicken Teriyaki#negative)(Garlic Shrimp#negative),(food),I ordered the Chicken Teriyaki and my husband got Garlic Shrimp.
(Japanese food#positive)(Japanese food#neutral),(food),I've had better Japanese food at a mall food court.
(staff members#positive),(service),The staff members are extremely friendly and even replaced my drink once when I dropped it outside.
(atmosphere#neutral),(ambience)(anecdotes/miscellaneous),Cool atmosphere but such a let down.
(Sashimi portion#positive)(artifical lobster meat#neutral),(food),"The Sashimi portion are big enough to appease most people, but I didn't like the fact they used artifical lobster meat."
(wheat crusted pizza#positive)(ingredients#positive),(food),They have wheat crusted pizza made with really fresh and yummy ingredients.
(dinner#positive)(service#positive),(food)(service),"Had a lovely dinner in this dedicated seafood joint, food was well-prepared and -presented and the service was pleasant and prompt."
(cake#positive),(food),"the icing MADE this cake, it was fluffy, not ultra sweet, creamy and light."
(slices#positive),(price)(service)(anecdotes/miscellaneous),"Finally let into the store 5 at a time, to buy expensive slices from a harried staff."
(wait staff#negative),(service)(anecdotes/miscellaneous),We ended up having to just leave because we were essentially being ignored by the wait staff--even though the rest of the restaurant was largely empty.
(wine list#positive),(food)(price),"The wine list is extensive, well priced and covers alot of regions."
(salads#positive),(food),Go here if you want fresh and tasty salads of any type you can imagine.
(bathroom#positive),(anecdotes/miscellaneous)(ambience),Everything about this place is adorable - even the bathroom!
(food#positive)(prices#positive)(service#positive)(repast#positive),(service)(food)(price),"Speedy delivers, great food, decent prices, and friendly service combine to ensure an enjoyable repast."
(WAITERS#neutral),(anecdotes/miscellaneous),THEY HAVE WAITERS ON THE SIDEWALK TRYING TO PULL YOU IN WHICH MADE US SUSPICIOUS.
(ITALIAN MEAL#positive),(anecdotes/miscellaneous),IT WAS OUR ONLY OPPORTUNITY TO VISIT AND WANTED AN AUTHENTIC ITALIAN MEAL.
(pizza#neutral),(food)(anecdotes/miscellaneous),It took 100 years for Parisi to get around to making pizza (at least I don't think they ever made it before this year)...but it was worth the wait.
(steak#neutral),(food),I asked for a simple medium rare steak.
"(dish#neutral)(organic grilled burgers#positive)(organic grilled burgers#neutral)(dish#neutral)(Jerusalem market-style falafel wraps#neutral)(Mediterranean salads--layered with beets, goat cheese and walnuts#neutral)",(food),"Generously garnished, organic grilled burgers are the most popular dish, but the Jerusalem market-style falafel wraps and Mediterranean salads--layered with beets, goat cheese and walnuts--are equally scrumptious."
(dining experience#negative)(waiter#positive),(anecdotes/miscellaneous),"Probably my worst dining experience in new york, and I'm a former waiter so I know what I'm talking about."
(texture#neutral)(texture#positive)(hint of cocoa#positive),(food),"Result (red velvet): Great texture, soft and velvety, nice hint of cocoa."
(round corner table next to the large window#positive),(anecdotes/miscellaneous),Ask for the round corner table next to the large window.
(twist on pizza#neutral),(food),"Their twist on pizza is heatlhy, but full of flavor."
(AC#negative),(ambience)(anecdotes/miscellaneous),The lack of AC and the fact that there are a million swarming bodies (although everyone is polite and no one is pushing) is a slight turn off.
(sales people#neutral)(service#neutral),(anecdotes/miscellaneous)(service),"I love the Little Pie Company as much as anyone else who has written reviews, but must discourage anyone from visiting the Grand Central location due to their RUDE service from two sales people."
(location#positive),(anecdotes/miscellaneous),"Unfortunately, unless you live in the neighborhood, it's not in a convenient location but is more like a hidden treasure."
(display and quality of the food#neutral),(food),Didn't seem like any effort was made to the display and quality of the food.
(food#positive),(food),The food--though mostly deep-fried--is simple and satisfying.
,(anecdotes/miscellaneous),We live in the neighborhood and have been going there twice a week since the day they first opened.
(food#neutral),(ambience)(food),"Glechik might be way too tiny for a restaurant by Russian standards, but it is cozy and the food is simply GREAT."
(food#positive)(Italian cuisine#positive)(Italian cuisine#neutral),(food),The food was excellent - authentic Italian cuisine made absolutely fresh.
(atmoshere#negative),(ambience),At night the atmoshere changes turning into this hidden jewel that is waiting to be discovered.
(place#neutral)(food#positive),(ambience)(food)(service),"The other times I've gone it's romantic date heaven, you can walk in get a booth by the windows, be treated like a VIP in a not-crowded place, with great food and service."
(coffee#positive),(food),I would only go for the coffee which is way better than Starbucks or the like.
,(anecdotes/miscellaneous),I used to be a regular costumer at pongal until dosa hut opened right next door to it.
(wine list#neutral)(wine list#negative),(food),Somewhat disappointing wine list (only new vintages.
,(anecdotes/miscellaneous),"Both were very good, but nothing you couldn't get at similar restaurant."
(priced#negative)(food#negative)(scenery#negative),(food)(price)(ambience),If your looking for nasty high priced food with a dash of ghetto scenery cheap BX A$$ this is the place to be!!
(new hamburger with special sauce#positive)(new hamburger with special sauce#positive)(big mac#positive),(food),new hamburger with special sauce is ok - at least better than big mac!
(portions#positive),(food),"Perfectly al dente pasta, not drowned in sauce -- generous portions."
(food#positive),(price)(food),"I can understand the prices if it served better food, like some Chinese restaurants in midtown/uptown area."
(Service#negative),(service)(anecdotes/miscellaneous),Service was awful - mostly because staff were overwhelmed on a Saturday night.
(owners#positive),(anecdotes/miscellaneous),"To the owners; good job guys, this place is a keeper!"
(owner#positive),(service),and the owner is simply lovely and friendly.
(place#positive)(place#positive),(ambience),This little place is wonderfully warm welcoming.
(meal#positive),(anecdotes/miscellaneous),perfect for a quick meal.
(place#positive),(ambience),Has the warmth of a family local yet it is a great place to watch sporting events.
(service#positive),(service)(price),"The service was great, and they have a whole great deal for birthdays."
(staff#neutral)(food#positive),(service)(food),The staff is 100% Italian and the food is as authentic as it gets.
(fortune cookies#negative)(cookie#negative),(anecdotes/miscellaneous),My only complaint might be the fortune cookies - I've never had a cookie predict bad luck for me before I visited Kar.
(sushi lunch#positive),(anecdotes/miscellaneous),Good for a quick sushi lunch.
(back patio#positive),(food)(ambience),Have a mojito and sit in the back patio.
(service#negative),(service),The service was dreadfully slow (the place was only half full) and a smile would have been nice...
(meal#positive)(braised lamb shank with mashed potatoes#positive)(braised lamb shank with mashed potatoes#neutral),(food),I went this past Saturday and had a excellent meal of consisting of a braised lamb shank with mashed potatoes.
(waitress#neutral)(soy sauce#neutral)(lunch#neutral),(service),The waitress came by to pick up the soy sauce WHILE we were eating our lunch!!!!!
(bar#neutral)(bartender#neutral),(service),"So we sat at the bar, the bartender didn't seem like he wanted to be there."
(fried pork dumplings#negative)(orange chicken/beef#neutral)(fried rice#negative),(food),"I reccomend the fried pork dumplings, the orange chicken/beef, and the fried rice."
(menu#neutral),(food),You will not be dissapointed by any of the choices in the menu.
(french fries -- with the kalmata dip#positive)(french fries -- with the kalmata dip#positive),(food),The french fries -- with the kalmata dip were terrific!
(wait#neutral)(manager#neutral)(bartender#neutral)(drinks#neutral),(service),"Would you ever believe that when you complain about over an hour wait, when they tell you it will be 20-30 minutes, the manager tells the bartender to spill the drinks you just paid for?"
(boutique selection of wines#negative),(food),The boutique selection of wines covers a wide variety without being imposeing.
,(ambience),"If you're lucky and there's not a private party going on back there, you'll get a chance to really chill out."
(assortment of wraps#positive)(traditional Mediterranean fare#positive),(food),They also have a great assortment of wraps if your not in the mood for traditional Mediterranean fare.
(middle eastern spreads#neutral)(middle eastern spreads#neutral)(spinach thing#positive)(lamb kebabs#positive),(food),"Fresh veggies, all sorts of middle eastern spreads, cheese and falafel, soup, fish, rice, root vegetables, a rice medley, some spinach thing, lamb kebabs, cheese baclava... soooo much fooood, and all of it delicious."
(Saketini#neutral),(food),"Disappointingly, their wonderful Saketini has been taken off the bar menu."
(look#negative),(ambience),In Short The Black Sheep distinguishes itself from the Midtown pub herd with a look that's a mix of sports-bar butch and ornate kitsch.
(martinis#positive),(food)(anecdotes/miscellaneous),I would definitely go back -- if only for some of those exotic martinis on the blackboard.
,(anecdotes/miscellaneous),They are located off the beaten path but are certainly worth the trip.
(chairs#positive)(table#positive),(service)(anecdotes/miscellaneous),then she made a fuss about not being able to add 1 or 2 chairs on either end of the table for additional people.
(happy hour#positive)(happy hour#positive),(price)(service)(ambience),"The happy hour is so cheap, but that does not reflect the service or the atmosphere."
(waiter#neutral)(kitchen#neutral)(waiting#neutral),(service),"After waiting for almost an hour, the waiter brusquely told us he'd forgotten to give the kitchen our order."
(quaility#negative)(atmosphere#negative),(ambience)(anecdotes/miscellaneous),With all the mundane or mediocre places on 8th avenue it is nice to have one that is a step above in quaility and atmosphere.
(space#negative)(treats#positive)(prices#neutral),(ambience)(food)(price),"A mix of students and area residents crowd into this narrow, barely there space for its quick, tasty treats at dirt-cheap prices."
(menu#neutral),(food)(anecdotes/miscellaneous),"Give it a try, menu is typical French but varied."
(seats#positive),(ambience)(service),It gets crowded at lunchtime but there are lots of seats in back and everyone who works there is so nice.
(value#positive),(price)(ambience),"but for the value, it was a great affordable spot to enjoy a fun night out with small group."
(attitude#positive)(attitude#positive)(food#positive),(service)(food),the negative reviews on city search are probably from jealous competing restaurants who realize they can't compete with Temple's entire positive attitude about the proper way to treat their customers and deliver top quality food.
(glass of wine#neutral),(service)(food),We ordered a glass of wine and were finished eating and paying before the wine came.
(flavors#positive),(food),"It was good, but none of the flavors WOW."
(place#positive)(place#positive)(service#positive),(service)(ambience),"Overall, this is a nice place to take a few friends to hang out at and the service is excellent."
(price#positive),(food)(price),Food is excellent quality for a good restaurant price.
,(anecdotes/miscellaneous),"Actually, everyone who worked there seemed to be annoyed."
(burrito#positive),(price)(food),"for about eleven bucks you get a gigantic burrito (or tacos), margarita, and dessert."
(space#positive),(ambience),The space is traditional in feel.
(reservations#negative),(service),"the restaurant was completely empty, but she gave me a dirty look and asked, no reservations?"
(food#negative)(interior#positive)(dining#positive),(food)(ambience)(service),the food was mediocre to be kind - the interior is small and average - the owners are a tag-team of unpleasantries - so rude and snotty i actually let out a hearty guffaw whilst dining.
(service#neutral)(food#positive)(value#positive),(service)(food)(price),"Good service, great food, good value, and never have to wait in line!"
(hot cakes#positive),(food),Offerings like hot cakes and the Egg McMuffin sandwich are available for breakfast.
(service#negative)(food#negative),(service)(food),"I have been going to this restaurant for years, in the past the service was average and the food inconsistant."
(music#neutral)(drinks#positive),(ambience)(food),"The music was fascinating, but left room for conversation, and the bartender made superb drinks."
(rice dishes#positive)(noodle dishes#positive)(ice drink#neutral),(food)(price),rice dishes and noodle dishes rarely exceed $5 and add on a refreshing ice drink for $2 and you're set for the night!
(Cuisine#neutral)(bill#neutral)(asian fusion#neutral)(billed#neutral),(price)(food),Cuisine is billed as asian fusion - doesn't meet the bill.
(dishes#neutral)(king crab salad with passion fruit vinaigrette#neutral)(fettuccine with grilled seafood in a rosemary-orange sauce#neutral)(fettuccine with grilled seafood in a rosemary-orange sauce#neutral)(bistro menu#neutral),(food),Creative dishes like king crab salad with passion fruit vinaigrette and fettuccine with grilled seafood in a rosemary-orange sauce are unexpected elements on an otherwise predictable bistro menu.
"(""Roy's Classics""#neutral)(recipes#neutral)(macadamia-crusted mahi mahi#neutral)(sweet honey-mustard beef short ribs#positive)(sweet honey-mustard beef short ribs#neutral)(sweet honey-mustard beef short ribs#positive)",(food),"Dishes denoted as ""Roy's Classics"" (marked on the menu with asterisks) are tried-and-true recipes, such as macadamia-crusted mahi mahi, or subtly sweet honey-mustard beef short ribs."
(cold sesame noodles#positive)(cold sesame noodles#negative)(cold sesame noodles#positive),(food)(price),"The cold sesame noodles, which are a freebie when you order $10+, are delectable."
(meal#positive)(food#neutral),(ambience)(food),"I came to fresh expecting a great meal, and all I got was marginally so-so food served in a restaurant that was just so freezing we couldn't enjoy eating."
(argentine chorizo appetizer#neutral)(argentine chorizo appetizer#neutral)(fennel flavored Italian sausage#neutral)(fennel flavored Italian sausage#neutral),(price)(food),The lone argentine chorizo appetizer at $8.95 was a heavy fennel flavored Italian sausage like the ones that sell for $2.99/lb at the store.
(dinner#positive),(anecdotes/miscellaneous),"I went to Swiftys with some friends of the family and we had a very nice dinner, but nothing amazing."
(value#positive)(value#positive),(service)(price)(anecdotes/miscellaneous),"Best Chinese on the Upper East, prompt delivery, good value."
(soy mayonaise#positive),(food),Most of the sandwiches are made with soy mayonaise which is actually pretty good.
(hostess#positive)(hostess#neutral),(service),i went in one day asking for a table for a group and was greeted by a very rude hostess.
(dinner#neutral),(anecdotes/miscellaneous),It's worthwhile to take a cab to Chelsea just for an awesome dinner at My Chelsea.
(food#positive)(food#positive)(staff#neutral),(food)(service),"Not only is the food authentic, but the staff here are practically off-the-boat, they are young and hip and know what they are doing when it comes to food and wine."
(music#positive)(tapas#positive)(selection of wines (primarily Spanish)#positive),(ambience)(food),"It has good music, nice tapas, an interesting selection of wines (primarily Spanish) and a lowkey hip neighborhood clientele."
(food#positive)(cold sesame noodles#negative),(food),"The food is great, I love their dumplings, cold sesame noodles, chicken and shrimp dishs."
(food#neutral)(food#neutral),(food),"And the food, well the food will keep you coming back."
(entrees#neutral)(Waiting#neutral),(service),Waiting three hours before getting our entrees was a treat as well.
(place#positive),(ambience),It's the conversations that make this a fun place to be.
(duck confitte#positive),(food),"My gf's duck confitte was very solid as well, although i have little base of reference."
(wine list#positive)(atmosphere#positive)(atmosphere#positive),(food)(ambience),"The wine list was superb, our tapas delightful, and the quiet atmosphere perfect for good conversation."
(price#positive),(food)(price),You can eat gourmet food at a fast food price.
(service#neutral)(prices#positive),(food)(service)(price),"I've eaten at all three locations and I always love, love the food, the service is always wonderful and the prices are really reasonable."
(food#positive),(food),"Not because I was pregnant, but the food here is always delicious."
(meal#positive),(food),Had a great meal there this weekend before heading to the movies!
(food#positive),(food)(service),We had a birthday party here recently and the food and service was amazing.
(entrees#positive)(seafood#positive)(steaks#positive)(non-meat alternatives#neutral),(food),"the dinner menu offers a variety of great entrees, including fresh seafood and huge steaks, there's also a couple of non-meat alternatives."
(menu#neutral)(food#positive),(food),This place has the strangest menu and the restaurants tries too hard to make fancy food.
(appetizers#neutral)(service#negative),(food)(service),"The appetizers are ok, but the service is slow."
(price#positive),(price)(food),the food - not worth the price.
(entree#negative),(service),"What can you say about a place where the waitress brings out the wrong entree, then verbally assaults your 80 year old grandmother and gives her lip about sending it back (which she did politely, by the way)."
(prices#neutral),(price),The prices are not terrible.
(bill#neutral)(gratuity#neutral),(price),15% gratuity automatically added to the bill.
(halibut cheek appetizer#positive)(portion of foie gras#positive)(portion of foie gras#neutral),(food),"The halibut cheek appetizer came with a generous portion of foie gras, but that's about the only positive thing I can say about the meal."
(Food#positive)(empenadas#positive),(food),Food is excellent and they also have empenadas and plaintains which are good for an afternoon snack.
(pasta specials#positive)(appetizer#positive),(food),Both a number of the appetizer and pasta specials were amazing.
(Filet-O-Fish sandwich#neutral)(McDonald's famous french fries#neutral)(McDonald's famous french fries#positive)(entree-sized salads#neutral),(food),"All-time favorites include the Big Mac, Chicken McNuggets, Filet-O-Fish sandwich and McDonald's famous french fries; lighter options like entree-sized salads are also available."
(noise#neutral),(ambience),"Although somewhat loud, the noise was minimally intrusive."
(pizza#negative),(ambience)(food),"It's a basic pizza joint, not much to look at, but the pizza is what I go for."
(Tables#negative),(ambience),"Tables are close, so you better be comfortable bumping elbows with other patrons."
(lunch#positive),(anecdotes/miscellaneous),Was her Monday for lunch - was working on a film in the area - and found this rare jewel.
(scene#positive),(ambience),"Not too much so, but enough that there's a great scene."
,(anecdotes/miscellaneous),You feel like you made it to New York when you eat here.
,(anecdotes/miscellaneous),We'd walked by it dozens of times and finally settled on a Monday night.
,(anecdotes/miscellaneous),"SUM IT: don't read the '10's' reviews, try it to judge for yourself so you won't have as hi expectations, then you'll be sure to enjoy it."
,(service),"We went there, no one greeted us."
(blue bar area#positive),(ambience),Dug the blue bar area too.
,(ambience),We spent so much time getting elbowed around while we waited we left.
(upstrairs dining area#neutral),(anecdotes/miscellaneous),"I got the opportunity to dine at your establishment again a few weeks ago, I was in your upstrairs dining area."
(veggie burger#positive)(vegetables#positive),(food),"Meat-phobes are in luck with the extraordinary veggie burger, made from a distinctive blend of chickpeas, carrots and other vegetables and spices."
(tables#negative),(ambience),"At peak times, the restaurant is overcrowded and tables are uncomfortably close."
(service#neutral),(service),The service was on point - what else you would expect from a Ritz?
(sweet corn-foie gras brulee#neutral)(sweet corn-foie gras brulee#positive)(sweet corn-foie gras brulee#neutral),(food),"Menus feature seasonal picks, like sweet corn-foie gras brulee."
(Carinthia cheese ravioli with wild mushrooms#positive)(Carinthia cheese ravioli with wild mushrooms#positive)(caviar-topped sturgeon#neutral)(green spinach-vodka sauce#positive)(green spinach-vodka sauce#positive),(food),"Innovations are just as assured, from the simple Carinthia cheese ravioli with wild mushrooms to the caviar-topped sturgeon, beautifully matched with a bright green spinach-vodka sauce."
(burgers#positive)(burgers#positive)(patties#positive)(patties#positive)(patties#neutral),(food),"And these are not small, wimpy fast food type burgers - these are real, full sized patties."
(delivery service#positive),(ambience)(service),"There restaurant is very casual, but perfect for lunch, and their delivery service is always very fast."
(quality#positive)(prices#neutral),(food)(price),Chinatown definitely has better quality with cheaper prices.
(staff person#neutral),(service),I had to flag down a third staff person for a fork... so now it's goodbye Little RUDE Pie Company.
,(anecdotes/miscellaneous),I have been in NYC for over 10 years and could not find this delicacy east of the Hudson .
(specials#neutral)(salmon#neutral),(food),"Go with the specials, and stay away from the salmon. "
(pastas#positive),(food),The pastas were pretty good.
(Atmosphere#neutral),(ambience),Atmosphere is a bore.
(decor#neutral),(ambience),The decor is what initially got me in the door.
(wait staff#positive),(service),The wait staff was very attentive and polite.
(food#positive),(food)(anecdotes/miscellaneous),"Great restaurant, and even greater food!"
(dishes#positive)(place#positive)(place#positive),(food)(ambience),The dishes are remarkably tasty and such a cozy and intimate place!
(desserts#positive),(food),Save room for the desserts! ;-)
(staff#neutral),(food)(service),"I love the simplicity and respect which was given to the food, as well the staff was freindly and knowledgable."
(Service#positive)(atmosphere#positive),(service)(ambience),Service was good and so was the atmosphere.
(fish#positive),(food),MY date and I both ordered the Branzini and both felt the fish was very average.
,(anecdotes/miscellaneous),We were there March 7 and found Maison very nice.
(food#positive)(service#positive)(price#positive),(food)(service)(price),"The food was good, the service prompt, and the price very reasonable. "
(menu#neutral)(service#positive),(food)(ambience)(service),"Wonderful menu, warm inviting ambiance, great service the FOOD keeps me coming back!"
(food#neutral)(wine#positive)(host#positive),(food)(service),"Great food, good wine and an excellent host."
,(anecdotes/miscellaneous),went there last night with my coworker.
(Pizzas#positive)(main courses#positive),(food),Pizzas were excellent in addition to appetizers and main courses.
(calamari#neutral)(pasta#neutral)(Sliced steak entree#neutral),(food),"Definitely try the calamari, any pasta, or even the Sliced steak entree."
(caeser salad#positive),(food),The caeser salad was great.
(fried calamari#positive)(fried calamari#negative),(food),The fried calamari was even better!
(atmosphere#positive),(ambience),The atmosphere was nice but it was a little too dark.
(food#positive),(food),The food was good overall. 
(food#positive),(food)(service),The food was outstanding and the service was tops.
(portions#positive)(service#positive),(food)(service),The portions are very large and the service is fantastic!!
(chicken milanese#negative),(food),I recomend the chicken milanese.
(tapas#positive)(tapas#positive)(prices#positive)(prices#positive)(prices#positive),(food)(price)(ambience),"excellent tapas at great prices, romantic, small but not overly crowed, excellent"
(service#negative),(service),"The service is a quite slow, but friendly."
(chocolate raspberry cake#positive),(food),"The chocolate raspberry cake is heavenly- not too sweet, but full of flavor."
(waiter#positive)(food#positive)(wine#positive),(service)(food),"Our waiter was helpful and charming, the food was perfect, and the wine was good, too."
,(ambience),Alias is warm and cozy and you don't get that squished-in feeling you get at 71 Clinton.
(MEAL#negative)(SERVICE#negative),(food)(service),I HAVE NEVER HAD A BAD MEAL(OR BAD SERVICE )@ PIGALLE.
(hot dogs#neutral)(hot dogs#positive),(food),Best hot dogs in the tri-state area.
,(anecdotes/miscellaneous),This is a typical example of an establishment in which its owners do not know anything about the restaurant business!
,(anecdotes/miscellaneous),"I would not recommend MEET at all, it is a rip off all the way from the time to step in!"
,(anecdotes/miscellaneous),Went there for a special celebration.
,(ambience),The restaurant was quiet and intimate.
(service#positive),(service),The service was very attentive and very generous.
(food#positive),(food),"We had tons of great food, wine, and desserts."
(dining experience#positive),(anecdotes/miscellaneous),Really Lovely dining experience in the midst of buzzing midtown area.
,(anecdotes/miscellaneous),"OK, I've been to Dumont a few times now."
(food#positive)(service#neutral),(food)(service),The food really isn't very good and the service is terrible.
,(anecdotes/miscellaneous),"Maybe it's that most of Dumont's patrons are younger and have lower expectations, but I cannot recommend Dumont."
(escargot#positive),(food)(service),"Not only do they have the best escargot in town,they always try to accomodate our toddler."
,(anecdotes/miscellaneous),"I've been to Sotto Voce several time, and I have to say this one place that hits the nail right on the head ever time!"
(menu#negative),(food),"Between my guest and I, we sampled at least 80% of the menu, and they were all hits."
(Deco#positive),(ambience),The Deco and ambiance was really romantic.
,(anecdotes/miscellaneous),This is the best unknown restaurant in and around New York.
(french food#positive),(food),Just go in and sample the greatest french food west of Daniel.
(Indian food#neutral),(food),"For someone who used to hate Indian food, Baluchi's has changed my mid."
(curry#positive),(food),"Finally a curry that I can eat, enjoy and not suffer from gastritis from 3 hours later."
(poori#neutral),(food),"All are GREAT - poori, naan, paratha all FRESH."
(homemade breads#positive),(food),Try the homemade breads.
(sushi#positive),(food)(price),"This place has beautiful sushi, and it's delicious CHEAP. "
(Korean dishes#positive)(Korean dishes#neutral),(food)(price),It also has lots of other Korean dishes that are affordable and just as yummy.
(prix fixe menu#neutral),(food),I went for restaurant week and ordered off the prix fixe menu
(waiter#neutral)(waiter#positive),(service),"Not only was the waiter efficient and courteous, but also extremely helpful. "
,(price)(food)(anecdotes/miscellaneous),It took a bigger bite from my wallet than my appetite - I would not reccomend this to anyone that I would want to talk to me again!!
(place#neutral)(service#positive)(food#positive),(ambience)(service)(food),"This place is classy, chic, the service is warm and hospitable, and the food is outstanding."
,(anecdotes/miscellaneous),I read about this place in Time Out magazine.
,(anecdotes/miscellaneous),It's a great find in Astoria.
(burgers#neutral)(grilled cheeses#neutral)(french fries#positive),(food),"Great burgers, grilled cheeses and french fries."
(Yellowfin Tuna#neutral)(Calf's liver#neutral),(food),The Yellowfin Tuna and Calf's liver are my favorites!
(Sushi#positive),(food),Sushi so fresh that it crunches in your mouth.
(bill#positive),(price),But make sure you have enough room on your credit card as the bill will leave a big dent in your wallet.
,(ambience),Despite the 5th ave address there are no frills whick I also love.
(steak#neutral)(choices of sauces#neutral)(sauce cart#neutral)(table#neutral),(food),They bring a sauce cart up to your table and offer you up to 7 or 8 choices of sauces for your steak (I tried them ALL).
(sushi#positive)(entrees#positive),(food),"Not only was the sushi fresh, they also served other entrees allowed each guest something to choose from and we all left happy (try the duck!"
(variety#positive)(variety#neutral),(food),good variety but nothing surprising.
(utensils#neutral)(pie#neutral),(service),"After I paid for my purchase, I noticed they had not given me utensils so I could eat my pie."
(thin crust#positive)(slices#positive),(food),Likewise if you like really thin crust or really big slices then Nick and Joe's may not be your favorite.
,(anecdotes/miscellaneous),It's always quiet because it's awful.
(green beans#positive)(anchovy dressing#neutral)(nicoise olives#neutral)(red onion#neutral),(food),"No green beans, no egg, no anchovy dressing, no nicoise olives, no red onion."
(meal#negative)(Amazin' Greens salads#negative)(Buffalo Chicken Kickers#negative)(Cinna Stix#negative)(side orders#negative),(food),"Build a meal with side orders like Amazin' Greens salads, Buffalo Chicken Kickers and Cinna Stix."
(meaty chili#neutral)(stuffed baked potatoes#neutral)(stuffed baked potatoes#positive)(chocolate Frosty#positive)(chocolate Frosty#neutral),(food),"Thick fries, meaty chili and stuffed baked potatoes round out a menu that includes a cool, ultra-thick chocolate Frosty."
(waiter#negative)(menu#negative),(food),I always find myself asking the waiter to make something bland and different than what is on the menu.
(cake#positive)(cake#positive)(employees#neutral),(food)(service),"Good cake BUT: it was not the best cake i've ever had, and definately not worth standing outside on the sidewalk being herded like cattle by indifferent and overworked employees."
(Cherry Marscapone#neutral),(food),"The closest that I got was the Cherry Marscapone, but they were out of it that day."
(roti canai appetizer#positive)(fried pancake served with pungent curry dipping sauce#negative)(fried pancake served with pungent curry dipping sauce#neutral),(food),"The homage to India is most evident in the delectable roti canai appetizer, a fried pancake served with pungent curry dipping sauce, while the mango chicken offers a surprisingly sophisticated, fresh take on sweet-and-sour."
(atmosphere#negative)(atmosphere#positive),(ambience),"It doesn't look like much on the outside, but the minute you walk inside, it's a whole other atmosphere."
,(anecdotes/miscellaneous),I have to say the place was awesome.
(ground chickpea soup#negative)(starter#negative),(food),The ground chickpea soup we sampled as a starter tasted somewhat thin.
(sushi#negative),(food),"We requested they re-slice the sushi, and it was returned to us in small cheese-like cubes."
(bartenders#neutral),(service)(food)(ambience),"The service, however, is a peg or two below the quality of food (horrible bartenders), and the clientele, for the most part, are rowdy, loud-mouthed commuters (this could explain the bad attitudes from the staff) getting loaded for an AC/DC concert or a Knicks game."
(meal#positive),(food),"If you're in the neighborhood, definitely stop by for a great meal."
(desserts#negative),(food),"Unfortunately, with our show tickets, we didn't have time to sample any desserts."
,(ambience)(anecdotes/miscellaneous),"The restaurant could use a little paint, but all in all a great sushi place!"
(tables#positive),(ambience),Make more tables- perhaps a rooftop bar?
(decoration#neutral),(ambience)(anecdotes/miscellaneous),"The decoration was feeling like we was on the Cairo, actually the street is part of that adventure."
(ambience#positive)(food#positive)(ambience#positive)(catfish#positive)(service#positive),(ambience)(food)(service),"Although small, it has beautiful ambience, excellent food (the catfish is delicious - if ya don't mind it a lil salty) and attentive service."
(food#neutral),(anecdotes/miscellaneous),I didn't go there for food so I can't comment.
,(anecdotes/miscellaneous),"My friends and I go once a week (minimum, we live in the area) and everytime can't resist walking out ready to burst."
(brisket#positive)(ribs#positive)(wings#positive)(cajun shrimp#positive),(food),"Stick to the items the place does best, brisket, ribs, wings, cajun shrimp is good, not great."
(atmosphere#neutral)(atmosphere#neutral),(ambience),"Hip boutiques and bars on Ludlow add to the artsy, laid-back atmosphere at this Israeli-style takeout and eat-in burger joint."
(counter#negative),(ambience),"Young neighborhood trendies graze at the counter during the day, while chic, art-house drinkers with heavy doses of the munchies pile in late at night."
(bottle of wine#neutral),(anecdotes/miscellaneous),Bring your date and a bottle of wine!
,(anecdotes/miscellaneous),"Not only is this the best Thai restaurant I have been to, but it also ranks as one of my favorite places to dine."
,(anecdotes/miscellaneous),Don't be put off by another reviewers extremely negative review.
(menu#positive)(Japanese dishes#positive)(Japanese dishes#neutral)(Japanese dishes#neutral)(spicy cod roe spaghetti#neutral)(spicy cod roe spaghetti#positive)(black cod with miso base#positive)(rack of lamb in black truffle sauce#positive),(food),"My Chelsea's impressive and creative menu includes modern, Westernized Japanese dishes such as Foie Gras Unagi Napolean, Jap style hamburger steak, spicy cod roe spaghetti, black cod with miso base, and rack of lamb in black truffle sauce, to name a few."
(food#positive),(food)(price),"His food is excellent (and not expensive by NYC standards- no entrees over $30, most appetizers $12 to 14)."
(food#neutral),(food)(anecdotes/miscellaneous),The food is consistant and good but how it got name Best Diner In Manhattan is beyond me.
(pasta primavera#positive)(fresh veggies#positive),(food),"The pasta primavera was outstanding as well, lots of fresh veggies."
(sushi#positive),(food),"don't get me wrong - sushi was good, just not fantastic."
(flan#positive),(food),Being Puerto Rican I know a thing or two about flan and this place serves one of the best (I hope Mom doesn't read this!).
(pizza#positive),(food),"Been to the one in Brooklyn for over 25 years, now I dont have to go over the bridge for the best pizza ....Hanx"
(dinner#positive)(dinner#neutral),(food)(anecdotes/miscellaneous),Had dinner here on a Friday and the food was great.
(wine#positive)(dessert menu#positive),(food)(anecdotes/miscellaneous),"We recently spent New Year's Eve at the restaurant, and had a great experience, from the wine to the dessert menu."
(place#neutral),(ambience)(anecdotes/miscellaneous),"Highly recommended...  As stated, I haven't dined *in* the restaurant but stopped by there to pick up takeout and it seems a very relaxing place; also, the bar looks nice."
(ambiance#positive),(ambience),"The ambiance was fine, a little loud but still nice and romantic."
(filet mignon#positive)(appetizers#positive)(non-sushi selection#positive),(food)(price),"but, the filet mignon was not very good at all cocktail hour includes free appetizers (nice non-sushi selection)."
,(service),It took about 2 1/2 hours to be served our 2 courses.
(place#positive),(ambience),Who said go when the place is quiet during the day?
(size#positive),(ambience),Can be a bit busy around peak times because of the size.
(place#positive)(place#positive)(chicken tacos#neutral),(food)(ambience)(anecdotes/miscellaneous),"I was on jury duty, rode my bike up Centre Street on my lunch break and came across this great little place with awesome chicken tacos and Hibiscus lemonade."
(soup#positive)(french dish#positive)(french dish#positive),(food)(anecdotes/miscellaneous),good place to hang out during the day after shopping or to grab a simple soup or classic french dish over a glass of wine.
(place#positive),(ambience),Very nice touch that very much fits the place.
(casual drink#positive),(ambience),"However, there is just something so great about being outdoors, in great landscaping, enjoying a casual drink that makes going to this place worthwhile."
(dance floor#neutral),(anecdotes/miscellaneous),We were seated promptly in close proximity to the dance floor.
(pre-show meal#neutral),(anecdotes/miscellaneous),"If you are here as a pre-show meal, hop in a cab and take the extra 10 minutes to go to the uptown location."
,(ambience),A plus was the good mix of people in their twenties that provided for great eye-candy while I was there.
(fried foods#negative)(dishes#positive)(dishes#positive)(lamb entree#neutral),(food),"The comments about fried foods is correct (below) but the other dishes, including the lamb entree and many of the salads (avocado shrimp) were quite good."
,(anecdotes/miscellaneous),It's best to go on a cold night with a close friend or a good book.
(service#neutral),(service)(anecdotes/miscellaneous),"Slow service, but when you're hanging around with groups of 10 or 20, who really notices?"
(sauce#positive)(dabs of real mozzarella#positive),(food),The sauce is excellent (very fresh) with dabs of real mozzarella.
(drinks#negative)(people#negative),(food)(service),"Don't ever bother - the drinks were awful, but it was the people who work there that really made this the worst experience at dining."
(place#positive)(place#positive),(ambience),"The room is a little plain, but it's difficult to make such a small place exciting and I would not suggest that as a reason not to go."
(Prices#positive),(price),Prices even outside of restaurant week were great.
(outdoor eating area#positive)(outdoor eating area#positive)(space#neutral)(space#positive),(ambience),"A small, outdoor eating area makes for a private, comfortable space to study alone or meet up with friends."
,(anecdotes/miscellaneous),Before the place didn't call my attention.
([female] servers#positive)([female] servers#neutral),(service),"And all the [female] servers are cute too, which is always nice."
(dessert#neutral)(dessert#positive),(food),"The best dessert, a chocolate and peanut butter tart, isn't particularly Hawaiian, but it's a small world when it comes to sweets."
(appetizer#neutral)(calamari#neutral),(food),"for an appetizer, their calamari is a winner."
(service#positive)(food#positive),(service)(food),Satay is one of those favorite haunts on Washington where the service and food is always on the money.
(dinner#neutral)(music#neutral)(lounge#neutral),(ambience),After dinner I heard music playing and discovered that there is a lounge downstairs.
,(ambience),"But now that it's under new ownership and has been renovated, it looks great."
(bi-level space#positive)(bi-level space#neutral)(long bar#negative)(long bar#positive),(ambience),"The room is a gorgeous, bi-level space and the long bar perfect for a drink."
,(anecdotes/miscellaneous),Now we moved out of the state and every visit to NYC includes a stop here.
(appetizer selection#neutral)(mozzarella sticks#neutral)(menu#neutral),(food)(anecdotes/miscellaneous),"Two complaints- their appetizer selection stinks, it would be nice to get some mozzarella sticks on the menu."
,(anecdotes/miscellaneous),I don't remember what we had; nothing was memorable.
,(food),It is bland and nothing extrodinary.
(service#positive),(service),I was especially impressed during the bday party when the waitstaff went above and beyond in helping me decorate and bring out a bday cake as well as offering prompt and friendly service to a 15 person party.
(chicken and falafel platters#neutral)(fresh leaf salad#positive),(food),The chicken and falafel platters were nondescript combinations with fresh leaf salad.
,(anecdotes/miscellaneous),"Every time I visit NYC, I come here."
,(anecdotes/miscellaneous),"I've been coming here regularly since it opened, about 2 years ago."
(atmosphere#positive),(ambience),"The atmosphere takes you to that place, the place many dream of."
(waiters#negative),(service),"several times and put up with the waiters' bad manners, knowing that their job isn't easy."
(service#positive)(desserts#positive)(coffee#positive),(service)(food),"The service is great (maybe even borderline nagging but at least you get attention), the desserts are excellent and the coffee is so very good..."
,(anecdotes/miscellaneous),We were seated next to a couple whose kitchen was being renovated and we agreed since we're all foodies who eat out a lot - that this wasn't a place we'd return to.
(served#neutral)(Focacchia bread#neutral),(food),They are served on Focacchia bread and are to die for.
(smoothies#positive)(fresh juices#positive)(fresh juices#positive),(food),"While the smoothies are a little big for me, the fresh juices are the best I have ever had!"
(food#neutral)(dish#neutral)(dish#positive),(food),"The food is just OKAY, and it's almost not worth going unless you're getting the pialla, which is the only dish that's really good."
(guac#positive)(fresh salsa#positive),(food),"The guac is fresh, yet lacking flavor, we like to add our fresh salsa into it."
(new menu#positive)(staff#positive),(food)(service)(price)(anecdotes/miscellaneous),"The new menu has a few creative items,they were smart enough to keep some of the old favorites (but they raised the prices), the staff is friendly most of the time, but I must agree with the person that wrote about their favorite words: No, can't, sorry..., boy, they won't bend the rules for anyone."
(food#positive),(food)(anecdotes/miscellaneous),It' only open for lunch but the food is so good!
(seafood#neutral)(Greek food#neutral),(food),If you like seafood and/or Greek food you will love this place though it is not limited to just these things.
(shepherds pie#neutral),(food),""" The menu includes pub fare--burgers, steaks and shepherds pie--and even a portabella lasagna for those black sheep known as ""vegetarians."
(food#negative),(food)(price),How can they survive serving mediocre food at exorbitant prices?!
(food#negative)(service#negative),(food)(service),The food was mediocre and the service was severely slow.
(food#negative),(food)(price),i have eaten here on a different occasion - the food is mediocre for the prices.
(menu#positive),(food)(anecdotes/miscellaneous),I'm looking forward to going back soon and eventually trying most everything on the menu!
(menu#negative),(anecdotes/miscellaneous),I just had my first visit to this place and can't wait to go back and slowly work my way through the menu.
(waiter#neutral)(waiter#neutral),(service)(anecdotes/miscellaneous),I asked repeatedly what the status of the meal was and was pretty much grunted at by the unbelievably rude waiter.
(vegan cranberry pancakes#neutral),(food),I stopped by for some brunch today and had the vegan cranberry pancakes and some rice milk.
,(ambience),"Weekends can get crowded, but still highly recommended."
,(ambience),It gets very crowded so I would suggest that you get their early.
(bartender#positive)(bartender#neutral)(bartender#neutral),(service),Sweet Irish bartender is always happy and able to bring a smile to my friends a my face.
,(anecdotes/miscellaneous),I always find myself sitting next to someone in the theatre industry- interesting to hear ideas hashed out while having a quick bite to eat.
(service#neutral),(service),Its good to go there for drinks if you don't want to get drunk because you'll be lucky if you can get one drink an hour the service is so bad.
(owner#negative),(service),"Anyway, the owner was fake."
(Owner#positive),(service),Owner is pleasant and entertaining.
(food#neutral)(waiter#neutral),(food)(service),"I have never in my life sent back food before, but I simply had to, and the waiter argued with me over this."
(food#positive),(ambience)(food),"Although the restaurant itself is nice, I prefer not to go for the food."
"(Creamy appetizers#neutral)(eggplant salad#neutral)(Greek yogurt (with cuccumber, dill, and garlic#neutral)(warm pitas#positive)",(food),"Creamy appetizers--taramasalata, eggplant salad, and Greek yogurt (with cuccumber, dill, and garlic) taste excellent when on warm pitas."
