(anecdotes/miscellaneous),"While their kitchen food is delicious, their Sushi is out of this world."
(food#food#ambience),"The atmosphere is attractive, but a little uncomfortable."
(food),"I went to Swiftys with some friends of the family and we had a very nice dinner, but nothing amazing."
(food#food),Offerings like hot cakes and the Egg McMuffin sandwich are available for breakfast.
(food),This place has the best pizza.
(service),"I've been coming here on and off for the past five years and I have to say that La Lanterna has never, ever dissapointed me."
(food#food#food#anecdotes/miscellaneous),"but, the filet mignon was not very good at all cocktail hour includes free appetizers (nice non-sushi selection)."
(anecdotes/miscellaneous),I recomend the chicken milanese.
(anecdotes/miscellaneous),Cool atmosphere but such a let down.
(anecdotes/miscellaneous),Didn't seem like any effort was made to the display and quality of the food.
(anecdotes/miscellaneous),You'll see a lot of people eating there after church.
(anecdotes/miscellaneous),"Believe me, they live up to the name."
(anecdotes/miscellaneous#food),"menu - uneventful, small."
(ambience#food#anecdotes/miscellaneous),"A mix of students and area residents crowd into this narrow, barely there space for its quick, tasty treats at dirt-cheap prices."
(food),It is bland and nothing extrodinary.
(food#food#anecdotes/miscellaneous),A plus was the good mix of people in their twenties that provided for great eye-candy while I was there.
(service),The Management was less than accomodating.
(food),A nice find in the neighborhood.
(service#anecdotes/miscellaneous#food),But make sure you have enough room on your credit card as the bill will leave a big dent in your wallet.
(food#food#food),"The service is great, my soup always arrives nice and hot."
(food#food#food),"While it was large and a bit noisy, the drinks were fantastic, and the food was superb."
(food),Pizzas were excellent in addition to appetizers and main courses.
(food#anecdotes/miscellaneous#food),"The best dessert, a chocolate and peanut butter tart, isn't particularly Hawaiian, but it's a small world when it comes to sweets."
(service#food#food#food),"I find that most Kosher restaurants are average to good, but this has been the best I've eaten so far."
(food#food),It's cute and simple and I loved it.
(anecdotes/miscellaneous#anecdotes/miscellaneous#anecdotes/miscellaneous#food#service),"Creamy appetizers--taramasalata, eggplant salad, and Greek yogurt (with cuccumber, dill, and garlic) taste excellent when on warm pitas."
(food#service),Another great thing about Glechik-everything is very cheap!
(anecdotes/miscellaneous),Curioni's Pizza has been around since the 1920's.
(anecdotes/miscellaneous),Having moved I truly miss this place.
(service#food),The place just isn't ready for prime time.
(food#anecdotes/miscellaneous#service),If your looking for nasty high priced food with a dash of ghetto scenery cheap BX A$$ this is the place to be!!
(anecdotes/miscellaneous),I HAVE NEVER HAD A BAD MEAL(OR BAD SERVICE )@ PIGALLE.
(anecdotes/miscellaneous),My friends and I stop here for pizza before hitting the Kips Bay movie theater.
(food),The staff greeted me warmly at the door and I was seated promptly and the food was excellent.
(ambience),The restaurant was quiet and intimate.
(food#food#anecdotes/miscellaneous),"This bar has it all - great drinks, cool atmosphere, excellent service and delicious food."
(anecdotes/miscellaneous),i had a delicious shrimp creole.
(food),"To the owners; good job guys, this place is a keeper!"
(food#service),The staff was extremely friendly and pleasant.
(food),"If you're in the neighborhood, definitely stop by for a great meal."
(food#food),"Don't ever bother - the drinks were awful, but it was the people who work there that really made this the worst experience at dining."
(food),"Here's the thing, you're in the best city in the world for restaurants."
(anecdotes/miscellaneous),You will not be missing anything.
(anecdotes/miscellaneous),The quality of the meat was on par with your local grocery store.
(food),"I highly recommend it for not just its superb cuisine, but also for its friendly owners and staff."
(food),Stay with the roasted chickens and you'll be fine.
(price),"Great restaurant, and even greater food!"
(food#food#food),"Great food, great waitstaff, great atmosphere, and best of all GREAT beer!"
(price),"However, it was worth the visit."
(anecdotes/miscellaneous#food#food#food),"Huge portions, great and attentive service, and pretty good prices."
(anecdotes/miscellaneous),Save room for deserts - they're to die for.
(anecdotes/miscellaneous#service#food),This place has the strangest menu and the restaurants tries too hard to make fancy food.
(anecdotes/miscellaneous),I usually get one the Vietnamese Beef Noodle Soup.
(anecdotes/miscellaneous),Favourites include: potato spinach gnocchi and the lamb.
(anecdotes/miscellaneous),"And as SOON as one person is done, she asked to pick up the plate immediately."
(food),"Even when the chef is not in the house, the food and service are right on target."
(anecdotes/miscellaneous),The $72 Delmonico steak had to be sent back because it was not cooked to order.
(anecdotes/miscellaneous#anecdotes/miscellaneous),The decor is designed in a contemporary Japanese style restaurant.
(food#anecdotes/miscellaneous#ambience#service),"If you want good tasting, well seasoned latin food eat at Cabana and you can't go wrong."
(anecdotes/miscellaneous),I ordered the Chicken Teriyaki and my husband got Garlic Shrimp.
(anecdotes/miscellaneous),This is definitely one of the places that I have continued to come back to over the years.
(service),A con was the slow bar service.
(anecdotes/miscellaneous#anecdotes/miscellaneous),One caveat: Some of the curried casseroles can be a trifle harsh.
(food),The bread is top notch as well.
(food),This place was the worst.
(food),All I can say is they are fantastic.
(food),The manager then told us we could order from whatever menu we wanted but by that time we were so annoyed with the waiter and the resturant that we let and went some place else.
(service#food),"What can you say about a place where the waitress brings out the wrong entree, then verbally assaults your 80 year old grandmother and gives her lip about sending it back (which she did politely, by the way)."
(food#anecdotes/miscellaneous),The foie gras was sweet and luscious.
(food#food),"Frankly, the chinese food here is something I can make better at home."
(food#anecdotes/miscellaneous#food),"If you're looking to taste some great Indian food and want good service, definitely visit Curry Leaf."
(anecdotes/miscellaneous),"After waiting for almost an hour, the waiter brusquely told us he'd forgotten to give the kitchen our order."
(food),The sushi is reasonably priced and fresh.
(anecdotes/miscellaneous),I think this a a wonderful place.
(food),The service is excellent and always informative without an air.
(anecdotes/miscellaneous),I went to Kitchenette this weekend for brunch.
(anecdotes/miscellaneous),"THE BANANA PUDDING THEY SERVE HAS NEVER SEEN AN OVEN,THE CRABCAKES ARE WAY OVER SALTED AND DON'T GET ME STARTED ON THE VERY GREASY MAC AND CHEESE."
(anecdotes/miscellaneous),We ordered a glass of wine and were finished eating and paying before the wine came.
(anecdotes/miscellaneous#anecdotes/miscellaneous#food),The chicken and falafel platters were nondescript combinations with fresh leaf salad.
(food#anecdotes/miscellaneous),"After reading the great reviews, I invited a die-hard downtown friend of mine to join me at TASTE."
(food),Service is usually pretty good.
(food#anecdotes/miscellaneous),"While there's a decent menu, it shouldn't take ten minutes to get your drinks and 45 for a dessert pizza."
(service#food#anecdotes/miscellaneous),Alias is warm and cozy and you don't get that squished-in feeling you get at 71 Clinton.
(anecdotes/miscellaneous#food#food),"Good service, great food, good value, and never have to wait in line!"
(food#food#food#anecdotes/miscellaneous#anecdotes/miscellaneous#service#service#anecdotes/miscellaneous#service#price),"My Chelsea's impressive and creative menu includes modern, Westernized Japanese dishes such as Foie Gras Unagi Napolean, Jap style hamburger steak, spicy cod roe spaghetti, black cod with miso base, and rack of lamb in black truffle sauce, to name a few."
(anecdotes/miscellaneous),the food - not worth the price.
(service),"There restaurant is very casual, but perfect for lunch, and their delivery service is always very fast."
(anecdotes/miscellaneous),15% gratuity automatically added to the bill.
(food#food#food#anecdotes/miscellaneous),"Certainly not the best sushi in New York, however, it is always fresh, and the place is very clean, sterile."
(anecdotes/miscellaneous#food),"The wine list is extensive, well priced and covers alot of regions."
(anecdotes/miscellaneous#anecdotes/miscellaneous),"The food is wonderful, artfully done and simply delicious."
(food#food),My daughter and I left feeling satisfied (not stuffed) and it felt good to know we had a healthy lunch.
(food#anecdotes/miscellaneous),Whether one pizza place is better than another is often very subjective.
(food#anecdotes/miscellaneous),"Straight-forward, no surprises, very decent Japanese food."
(anecdotes/miscellaneous),It's the kind of place I like to support!
(anecdotes/miscellaneous#food),It gets crowded at lunchtime but there are lots of seats in back and everyone who works there is so nice.
(anecdotes/miscellaneous),My wife I lived on the west side and found this while visiting firends on the UES.
(service#food#service),"It was such a fantastic dining experience, that I returned again the same week."
(food),"Yum, the chicken is great here."
(food#food),it is a hidden delight complete with a quaint bar and good food.
(food),The staff members are extremely friendly and even replaced my drink once when I dropped it outside.
(anecdotes/miscellaneous),THE LASAGNA WAS PROBABLY THE BEST I HAVE TASTED.
(anecdotes/miscellaneous#anecdotes/miscellaneous#service#food),"Best Chinese on the Upper East, prompt delivery, good value."
(anecdotes/miscellaneous#food),i dont know what some people who rave about this hot dog are talking about.
(food),The help was extremely nice and did not rush us.
(service),You will be very happy with the experience.
(anecdotes/miscellaneous),"Since I cook for a living, I'm very fussy about the food I eat in restaurants."
(anecdotes/miscellaneous#food#food),"The chocolate raspberry cake is heavenly- not too sweet, but full of flavor."
(food#food),"The staff is arrogant, the prices are way high for Brooklyn."
(food),Siam Square is fairly new to the neighborhood and I think in time will gain the recognition it deserves.
(food),Bobb V's is a great place to take your Friends and Family!
(anecdotes/miscellaneous),Do yourself a favor and avoid this place at ALL COST!
(anecdotes/miscellaneous),I was highly disappointed by their service and food.
(service),I recently visited over this past summer after being away for a year.
(food#food#food),"Speedy delivers, great food, decent prices, and friendly service combine to ensure an enjoyable repast."
(food#food#anecdotes/miscellaneous),"When the dish arrived it was blazing with green chillis, definitely not edible by a human."
(anecdotes/miscellaneous),Our waiter was friendly and it is a shame that he didnt have a supportive staff to work with.
(food#service#anecdotes/miscellaneous#food),"All toppings are so fresh you'd think they had their own vegetable garden and the crust is so perfect, that one actually thinks of how it was made."
(anecdotes/miscellaneous#food#anecdotes/miscellaneous),"If you're craving some serious indian food and desire a cozy ambiance, this is quite and exquisite choice."
(anecdotes/miscellaneous#food#anecdotes/miscellaneous),"There are many french bistros in the midtown area, and I wholheartedly recommend this one."
(anecdotes/miscellaneous),personally i say save your money.
(anecdotes/miscellaneous),The whole experience was satisfying.
(anecdotes/miscellaneous#service#anecdotes/miscellaneous#service),"The halibut cheek appetizer came with a generous portion of foie gras, but that's about the only positive thing I can say about the meal."
(anecdotes/miscellaneous#food#anecdotes/miscellaneous),"If you are here as a pre-show meal, hop in a cab and take the extra 10 minutes to go to the uptown location."
(anecdotes/miscellaneous),It took about 2 1/2 hours to be served our 2 courses.
(food#anecdotes/miscellaneous),This is the best Italian restaurant in the city.
(anecdotes/miscellaneous),My friend told me about this restaurant for a year before he finally took me this weekend.
(food#anecdotes/miscellaneous#food),My husband and I have been there at least 6 times and we've always been given the highest service and often free desserts.
(anecdotes/miscellaneous#service),"I've eaten at all three locations and I always love, love the food, the service is always wonderful and the prices are really reasonable."
(anecdotes/miscellaneous),"in conclusion, THIS PLACE SUCKS!!!"
(food#food),"The food is great, I love their dumplings, cold sesame noodles, chicken and shrimp dishs."
(anecdotes/miscellaneous#service),The staff is 100% Italian and the food is as authentic as it gets.
(anecdotes/miscellaneous),"now called nikki sushi, sushi is OK."
(anecdotes/miscellaneous#anecdotes/miscellaneous),Really Lovely dining experience in the midst of buzzing midtown area.
(food#food),I was starving and the small portions were driving me crazy!
(anecdotes/miscellaneous),In Short The Black Sheep distinguishes itself from the Midtown pub herd with a look that's a mix of sports-bar butch and ornate kitsch.
(food#food),The fried calamari was even better!
(service#food#service#anecdotes/miscellaneous#service),"To be fair, the food still is good and the service is quick and attentative even though its usually very busy."
(service#anecdotes/miscellaneous#anecdotes/miscellaneous#anecdotes/miscellaneous),"if you're looking for authentic hong kong-style food, look no further."
(anecdotes/miscellaneous),"Nick Stef's is one of the only places worthy of going in the area, so if you happen to be by Madison Square Garden or Herald's Square check it out!"
(service),I have dined at Mammino several times now and each time it gets bettter.
(food#food#anecdotes/miscellaneous#anecdotes/miscellaneous),the food was mediocre to be kind - the interior is small and average - the owners are a tag-team of unpleasantries - so rude and snotty i actually let out a hearty guffaw whilst dining.
(anecdotes/miscellaneous#food#service),The wait staff was very attentive and polite.
(food),Could have had better for 1/3 the price in Chinatown.
(anecdotes/miscellaneous),I recommend any of their salmon dishes......
(service#food),Be sure to accompany your food with one of their fresh juice concoctions.
(food#food),The food is very good and the service is great.
(food),Cuisine is billed as asian fusion - doesn't meet the bill.
(food#food),"From the beginning, we were met by friendly staff memebers, and the convienent parking at Chelsea Piers made it easy for us to get to the boat."
(anecdotes/miscellaneous),"they really provide a relaxing, laid-back atmosphere."
(service#food#food),"several times and put up with the waiters' bad manners, knowing that their job isn't easy."
(service),The Deco and ambiance was really romantic.
(food#service#service#food),"The room is a little plain, but it's difficult to make such a small place exciting and I would not suggest that as a reason not to go."
(anecdotes/miscellaneous#food#food),"It was pleasantly uncrowded, the service was delightful, the garden adorable, the food (from appetizers to entrees) was delectable."
(service#food#food),"The service is really fast and friendly, and the value is great."
(food),The boutique selection of wines covers a wide variety without being imposeing.
(anecdotes/miscellaneous#food),Great food but the service was dreadful!
(anecdotes/miscellaneous#service#anecdotes/miscellaneous),""" The menu includes pub fare--burgers, steaks and shepherds pie--and even a portabella lasagna for those black sheep known as ""vegetarians."
(service),I've come here for casual lunches as well as for a friend's birthday and I always enjoy myself.
(service#food#anecdotes/miscellaneous),They have very quick service which is great when you don't have much time.
(anecdotes/miscellaneous),We'd walked by it dozens of times and finally settled on a Monday night.
(anecdotes/miscellaneous#service),My order is on my table even on a busy friday night within 10 minutes (at the most) of hanging up the phone.
(food#food),My chicken was completely dried out and on the cold side and the sauce was not very flavorful.
(anecdotes/miscellaneous),"I would not recommend MEET at all, it is a rip off all the way from the time to step in!"
(anecdotes/miscellaneous),The prices are not terrible.
(service#anecdotes/miscellaneous#food),"I recommend the black roasted codfish, it was the best dish of the evening."
(food#food#food#anecdotes/miscellaneous),"It has good music, nice tapas, an interesting selection of wines (primarily Spanish) and a lowkey hip neighborhood clientele."
(anecdotes/miscellaneous),Atmosphere is a bore.
(anecdotes/miscellaneous#food),"Good food at the right price, what more can you ask for."
(food),The falafal was rather over cooked and dried but the chicken was fine.
(food#anecdotes/miscellaneous),"Not only was the waiter efficient and courteous, but also extremely helpful. "
(anecdotes/miscellaneous),Dessert was also to die for!
(service#anecdotes/miscellaneous),"In mi burrito, here was nothing but dark chicken that had that cooked last week and just warmed up in a microwave taste."
(service),perfect for a quick meal.
(anecdotes/miscellaneous),"However, the food and service and dramatically lacking."
(food#service#anecdotes/miscellaneous),"For the price you pay for the food here, you'd expect it to be at least on par with other Japanese restaurants."
(anecdotes/miscellaneous#service),"Perfectly al dente pasta, not drowned in sauce -- generous portions."
(service#service),Sweet Irish bartender is always happy and able to bring a smile to my friends a my face.
(food),The sushi is cut in blocks bigger than my cell phone.
(anecdotes/miscellaneous#anecdotes/miscellaneous),"This place is Italian, not French."
(anecdotes/miscellaneous),"Weekends can get crowded, but still highly recommended."
(food#service#anecdotes/miscellaneous#food),"The comments about fried foods is correct (below) but the other dishes, including the lamb entree and many of the salads (avocado shrimp) were quite good."
(anecdotes/miscellaneous),Whatever the reason it is definitely the place to be.
(food),"Not only do they have the best escargot in town,they always try to accomodate our toddler."
(food),"BTW, the service is very good ."
(service),Staff is accomodating make sure you are satified.
(service#food),last Tuesday for a late lunch with a friend.
(food),Service was awful - mostly because staff were overwhelmed on a Saturday night.
(anecdotes/miscellaneous),"Unfortunately, we chose this spot for lunch as we had done a lot of walking and ended up at the South St Seaport."
(anecdotes/miscellaneous),"And the food, well the food will keep you coming back."
(service#food),This made it obvious that the food wasn't cooked fresh; it was obviously made before hand and then reheated.
(anecdotes/miscellaneous),"Slow service, but when you're hanging around with groups of 10 or 20, who really notices?"
(anecdotes/miscellaneous),I WAS HIGHLY DISAPPOINTED BY THE FOOD.
(anecdotes/miscellaneous),"If you're in the 'hood, definitely stop in."
(service),"It's just everything...the food, the atmosphere...the incrediby kind and gracious hostess."
(food#food#food#anecdotes/miscellaneous#anecdotes/miscellaneous#food),"Although small, it has beautiful ambience, excellent food (the catfish is delicious - if ya don't mind it a lil salty) and attentive service."
(anecdotes/miscellaneous),We loved it and will go back!
(food#service),"No green beans, no egg, no anchovy dressing, no nicoise olives, no red onion."
(service),Meal was very expensive for what you get.
(anecdotes/miscellaneous),"So we sat at the bar, the bartender didn't seem like he wanted to be there."
(anecdotes/miscellaneous),"I trust the people at Go Sushi, it never disappoints."
(food#food),good food good wine that's it.
(anecdotes/miscellaneous#anecdotes/miscellaneous#anecdotes/miscellaneous#anecdotes/miscellaneous#anecdotes/miscellaneous#anecdotes/miscellaneous#anecdotes/miscellaneous#anecdotes/miscellaneous),"Fresh veggies, all sorts of middle eastern spreads, cheese and falafel, soup, fish, rice, root vegetables, a rice medley, some spinach thing, lamb kebabs, cheese baclava... soooo much fooood, and all of it delicious."
(food#food),Food is excellent quality for a good restaurant price.
(anecdotes/miscellaneous),"And, the honey BBQ rib tips are yummy!"
(anecdotes/miscellaneous),We spent so much time getting elbowed around while we waited we left.
(anecdotes/miscellaneous),Stay away if you're claustrophobic
(anecdotes/miscellaneous#anecdotes/miscellaneous),"Not because I was pregnant, but the food here is always delicious."
(anecdotes/miscellaneous),DON'T KNOW WHAT THE OTHERS ON THE BLOCK WERE LIKE BUT WE WERE PLEASED WITH OUR CHOICE.
(price#anecdotes/miscellaneous#anecdotes/miscellaneous),"I got the opportunity to dine at your establishment again a few weeks ago, I was in your upstrairs dining area."
(food#ambience#service#service),Whether your choose the iced blended mocha or the hot white mocha you are sure to be extremely happy.
(anecdotes/miscellaneous),Before the place didn't call my attention.
(food#food),"The cold sesame noodles, which are a freebie when you order $10+, are delectable."
(service#service#anecdotes/miscellaneous#food),"The other times I've gone it's romantic date heaven, you can walk in get a booth by the windows, be treated like a VIP in a not-crowded place, with great food and service."
(anecdotes/miscellaneous),the food is delicious and highly recommended.
(food),mojitos and the service are the best part in there
(service#anecdotes/miscellaneous),We were so happy with our food and were even more thrilled when we saw the bill.
(food),I would only go for the coffee which is way better than Starbucks or the like.
(anecdotes/miscellaneous),"After I paid for my purchase, I noticed they had not given me utensils so I could eat my pie."
(anecdotes/miscellaneous),My husband and I had a blast.
(ambience),My personal favorite is Nick and Joe's.
(food#service),"Too bad, has a lot of potential."
(anecdotes/miscellaneous),We live in the neighborhood and have been going there twice a week since the day they first opened.
(food#food),"But dinner here is never disappointing, even if the prices are a bit over the top."
(food#food),The food is great and the milkshakes are even better!
(anecdotes/miscellaneous#food),"Two complaints- their appetizer selection stinks, it would be nice to get some mozzarella sticks on the menu."
(anecdotes/miscellaneous),It's the conversations that make this a fun place to be.
(anecdotes/miscellaneous),My friend had a burger and I had these wonderful blueberry pancakes.
(anecdotes/miscellaneous),I have been in NYC for over 10 years and could not find this delicacy east of the Hudson .
(service#anecdotes/miscellaneous),Owner is pleasant and entertaining.
(service#food#anecdotes/miscellaneous#anecdotes/miscellaneous),"The atmosphere is warm, comfortable, artsy and sexy."
(anecdotes/miscellaneous#anecdotes/miscellaneous),I had to flag down a third staff person for a fork... so now it's goodbye Little RUDE Pie Company.
(food#food#food),"The waiters were very professional, courteous and attentive."
(anecdotes/miscellaneous),"I have never in my life sent back food before, but I simply had to, and the waiter argued with me over this."
(anecdotes/miscellaneous),Would not return for the amount we paid.
(anecdotes/miscellaneous#anecdotes/miscellaneous),The unfortunate lady next to us thought she had ordered a salad (including asking for salad dressing) and was instead given a quesedilla.
(food#food#service),"However, there is just something so great about being outdoors, in great landscaping, enjoying a casual drink that makes going to this place worthwhile."
(service),went there last night with my coworker.
(service#anecdotes/miscellaneous#service),"It doesn't look like much on the outside, but the minute you walk inside, it's a whole other atmosphere."
(anecdotes/miscellaneous),I was pleasently surprised at the taste.
(service#anecdotes/miscellaneous),"during busy hrs, i recommend that you make a reservation."
(anecdotes/miscellaneous),"The closest that I got was the Cherry Marscapone, but they were out of it that day."
(anecdotes/miscellaneous),"The sauce may not be for everyone, since it is distintive."
(anecdotes/miscellaneous),Waiting three hours before getting our entrees was a treat as well.
(food#food),"The food is surprisingly good, and the decor is nice."
(food#food),"Also, the staff is very attentive and really personable."
(food#food),"Stick to the items the place does best, brisket, ribs, wings, cajun shrimp is good, not great."
(price),"OK, I've been to Dumont a few times now."
(anecdotes/miscellaneous),"However, the service is absolutely horrible."
(service#food),"Unfortunately, unless you live in the neighborhood, it's not in a convenient location but is more like a hidden treasure."
(food#food),With all the mundane or mediocre places on 8th avenue it is nice to have one that is a step above in quaility and atmosphere.
(anecdotes/miscellaneous#food),"SUM IT: local investment bankers like it, try for yourself at least once."
(food),The staff is very friendly.
(food#anecdotes/miscellaneous),The waiters ALWAYS look angry and even ignore their high-tipping regulars.
(food#food),The music which is sometimes a little too heavy for my taste.
(food),"Not to be overlooked, the service is excellent."
(food#food#service#service#food),"This place is classy, chic, the service is warm and hospitable, and the food is outstanding."
(anecdotes/miscellaneous),Average cake thats been courted by a LOT of hype.
(service#anecdotes/miscellaneous#anecdotes/miscellaneous),"Maybe it's that most of Dumont's patrons are younger and have lower expectations, but I cannot recommend Dumont."
(service#anecdotes/miscellaneous),The lack of AC and the fact that there are a million swarming bodies (although everyone is polite and no one is pushing) is a slight turn off.
(anecdotes/miscellaneous),"for an appetizer, their calamari is a winner."
(anecdotes/miscellaneous#service),The ambience is also more laid-back and relaxed.
(anecdotes/miscellaneous),"If this restaurant was in Manhattan, I would definitely go more often."
(food#price),It took 100 years for Parisi to get around to making pizza (at least I don't think they ever made it before this year)...but it was worth the wait.
(anecdotes/miscellaneous),We were wondering why they were there to make our dining experience miserable?
(anecdotes/miscellaneous),We ordered lamb which was perfectly cooked and tasted awesome.
(anecdotes/miscellaneous),"I often find myself with time to kill in Times Square, which is a shame since I don't love this area."
(food#anecdotes/miscellaneous),Cantinetta is a real treasure in a see of mediocre Italian restaurants.
(anecdotes/miscellaneous),but their mac cheese was YUMMY!
(service#anecdotes/miscellaneous),"Finally let into the store 5 at a time, to buy expensive slices from a harried staff."
(service#anecdotes/miscellaneous#food#food#anecdotes/miscellaneous#food),"The homage to India is most evident in the delectable roti canai appetizer, a fried pancake served with pungent curry dipping sauce, while the mango chicken offers a surprisingly sophisticated, fresh take on sweet-and-sour."
(anecdotes/miscellaneous),"Not terrible, but not the restaurant in the reviews of 2002."
(food#service#anecdotes/miscellaneous#service),"His food is excellent (and not expensive by NYC standards- no entrees over $30, most appetizers $12 to 14)."
(anecdotes/miscellaneous),"We love it, and took buses and cabs to get there."
(food#food),"Great food, good wine and an excellent host."
(food#food#food#food),"While the smoothies are a little big for me, the fresh juices are the best I have ever had!"
(food),Really nice restaurant to go with a group or on a date.
(food#anecdotes/miscellaneous#anecdotes/miscellaneous),"I came to fresh expecting a great meal, and all I got was marginally so-so food served in a restaurant that was just so freezing we couldn't enjoy eating."
(anecdotes/miscellaneous),The BEST Chinese food Uptown!
(food#food),"But now that it's under new ownership and has been renovated, it looks great."
(anecdotes/miscellaneous),"In fact, this was not a Nicoise salad and was barely eatable."
(anecdotes/miscellaneous#food),It was delish and I didn't feel bad eating it.
(anecdotes/miscellaneous),They have homemade pastas of all kinds -- I recommend the gnocchi -- yum!
(anecdotes/miscellaneous),Don't waste your time or your money.
(anecdotes/miscellaneous),They are located off the beaten path but are certainly worth the trip.
(anecdotes/miscellaneous#anecdotes/miscellaneous#food#anecdotes/miscellaneous),"Glechik might be way too tiny for a restaurant by Russian standards, but it is cozy and the food is simply GREAT."
(anecdotes/miscellaneous),The steak melted in my mouth.
(anecdotes/miscellaneous),You will find everything about Trio to your liking!
(anecdotes/miscellaneous),I went for restaurant week and ordered off the prix fixe menu
(food#anecdotes/miscellaneous#food#food#price),") It's not the best Japanese restaurant in the East Village, but it's a pretty solid one for its modest prices, and worth repeat visits."
(food#food),"The staff is unbelievably friendly, and I dream about their Saag gosht...so good."
(anecdotes/miscellaneous),We'll definitly be back again!
(food),"The food here was great, a treat from beginning to end."
(anecdotes/miscellaneous),"Try the ribs, sizzling beef and couple it with coconut rice."
(food#anecdotes/miscellaneous),The lone argentine chorizo appetizer at $8.95 was a heavy fennel flavored Italian sausage like the ones that sell for $2.99/lb at the store.
(food#food#service),Anytime and everytime I find myself in the neighborhood I will go to Sushi Rose for fresh sushi and great portions all at a reasonable price.
(food),I think the meatball parm is good.
(food#food#service#food),"The food is great (big selection, reasonable prices) and the drinks are really good."
(food),it is a cozy place to go with a couple of friends.
(service#service),"The happy hour is so cheap, but that does not reflect the service or the atmosphere."
(anecdotes/miscellaneous),We came across this restaurant by accident while at a DUMBO art festival and thoroughly enjoyed our meal.
(food),Also get the Onion Rings -- best we've ever had.
(anecdotes/miscellaneous),I have no idea why this restaurant is so often overlooked.
(food#service),The design is very intimate and romantic.
(anecdotes/miscellaneous#food),"for about eleven bucks you get a gigantic burrito (or tacos), margarita, and dessert."
(anecdotes/miscellaneous),Delish and made to your liking!
(anecdotes/miscellaneous),I would definitely come back to this restaurant.
(anecdotes/miscellaneous),I read about this place in Time Out magazine.
(food#food),"We been there and we really enjoy the food, was areally great food, and the service was really good."
(food),Dug the blue bar area too.
(food#anecdotes/miscellaneous#food#food),"Young neighborhood trendies graze at the counter during the day, while chic, art-house drinkers with heavy doses of the munchies pile in late at night."
(anecdotes/miscellaneous),their brunch menu had something for everyone.
(anecdotes/miscellaneous),"Finally a curry that I can eat, enjoy and not suffer from gastritis from 3 hours later."
(food),Went there for a special celebration.
(service),it was a very warm experience.
(anecdotes/miscellaneous),WE WERE PLEASANTLY SURPRISED WITH OUR CHOICE.
(food),Waiters are very friendly and the pasta is out of this world.
(anecdotes/miscellaneous),but the food was delicious.
(food#food),They also have a great assortment of wraps if your not in the mood for traditional Mediterranean fare.
(food),Service was good and so was the atmosphere.
(anecdotes/miscellaneous),Now we moved out of the state and every visit to NYC includes a stop here.
(food),The food was outstanding and the service was tops.
(anecdotes/miscellaneous),We were seated next to a couple whose kitchen was being renovated and we agreed since we're all foodies who eat out a lot - that this wasn't a place we'd return to.
(food#anecdotes/miscellaneous#food#food),"And these are not small, wimpy fast food type burgers - these are real, full sized patties."
(anecdotes/miscellaneous),"I love the simplicity and respect which was given to the food, as well the staff was freindly and knowledgable."
(anecdotes/miscellaneous),Go for the Seafood Paella for two.
(ambience),"Entrees include classics like lasagna, fettuccine Alfredo and chicken parmigiana."
(service),I'm looking forward to going back soon and eventually trying most everything on the menu!
(food#food#anecdotes/miscellaneous),"The unattractive lighting made me want to gag, the food was overpriced, there was the most awful disco pop duo performing-and my escargot looked like it might crawl off the plate."
(food#food),The sushi is always fresh and yummy and the menu is pretty varied.
(food#food),"The guac is fresh, yet lacking flavor, we like to add our fresh salsa into it."
(food#food),The fajita we tried was tasteless and burned and the mole sauce was way too sweet.
(service),My boyfriend and I went here last night and LOVED it!
(food#food),"BEST spicy tuna roll, great asian salad."
(anecdotes/miscellaneous),Everything about this place was wonderful.
(food),this restaurant is absolutely beautiful.
(price),I went there with a few friends and will return.
(anecdotes/miscellaneous#anecdotes/miscellaneous#anecdotes/miscellaneous#anecdotes/miscellaneous#service#service),"Had a lovely dinner in this dedicated seafood joint, food was well-prepared and -presented and the service was pleasant and prompt."
(anecdotes/miscellaneous#food#food),I can't imagine how much worse it would have been if we'd gone at a prime time!
(anecdotes/miscellaneous),The gnocchi literally melts in your mouth!
(anecdotes/miscellaneous),"This place has beautiful sushi, and it's delicious CHEAP. "
(anecdotes/miscellaneous),Do not go to this restaurant.
(anecdotes/miscellaneous),Go spend your money somewhere that really wows you.
(food),Reasonably priced with very fresh sushi.
(anecdotes/miscellaneous),"The atmosphere takes you to that place, the place many dream of."
(food),We've always gotten amazing service and we love the food.
(price),I had to wait for my friend at the bar for a few minutes
(anecdotes/miscellaneous#anecdotes/miscellaneous#anecdotes/miscellaneous#food#anecdotes/miscellaneous#anecdotes/miscellaneous#food),"All-time favorites include the Big Mac, Chicken McNuggets, Filet-O-Fish sandwich and McDonald's famous french fries; lighter options like entree-sized salads are also available."
(food),Sushi so fresh that it crunches in your mouth.
(service#service),My first experience at Siam Square was very pleasant.
(anecdotes/miscellaneous),"Go with the specials, and stay away from the salmon. "
(service#anecdotes/miscellaneous),"Although somewhat loud, the noise was minimally intrusive."
(food#food),"I reccomend the fried pork dumplings, the orange chicken/beef, and the fried rice."
(food#food),"Food was decent, but not great."
(food),The worst though was the taste.
(food#price#food#anecdotes/miscellaneous#food#food#food),"The new menu has a few creative items,they were smart enough to keep some of the old favorites (but they raised the prices), the staff is friendly most of the time, but I must agree with the person that wrote about their favorite words: No, can't, sorry..., boy, they won't bend the rules for anyone."
(service),"Everyone who works there (the host, the bartender, the servers) is so helpful."
(food#food#service#food#food),"excellent tapas at great prices, romantic, small but not overly crowed, excellent"
(food#food#food),Likewise if you like really thin crust or really big slices then Nick and Joe's may not be your favorite.
(service#food),"I highly reccomend the grand marnier shrimp, it's insanely good."
(anecdotes/miscellaneous),You will not be dissapointed by any of the choices in the menu.
(food),Don Pedro's is one of my favorite restaurants.
(anecdotes/miscellaneous#food#food#service),"The food is all-around good, with the rolls usually excellent and the sushi/sashimi not quite on the same level."
(food#anecdotes/miscellaneous),"We requested they re-slice the sushi, and it was returned to us in small cheese-like cubes."
(anecdotes/miscellaneous),"Well, it happened because of a graceless manager and a rude bartender who had us waiting 20 minutes for drinks, and then tells us to chill out."
(food),We were very impressed with the food and value.
(anecdotes/miscellaneous),I didn't go there for food so I can't comment.
(food#food),All of the apetizers are good and the Sangria is very good.
(food),I'm almost tempted to give this place a bad review so I can keep the crowds away...been going there on and off for a year now and it's really my fave hang out in the city.
(food#food),"The pasta primavera was outstanding as well, lots of fresh veggies."
(anecdotes/miscellaneous#food),"Not too much so, but enough that there's a great scene."
(food#food#food),"It's traditional, simple italian food."
(food#food#food#anecdotes/miscellaneous#anecdotes/miscellaneous),"In addition to great hot dogs, DOTP has wonderful breakfast sandwiches that feature, in addition to great things like tator tots and English muffins, a delicious NJ-based pork product know to us Jersey girls and boys as Taylor ham."
(food#anecdotes/miscellaneous),"Thick fries, meaty chili and stuffed baked potatoes round out a menu that includes a cool, ultra-thick chocolate Frosty."
(food#food),The portions are very large and the service is fantastic!!
(anecdotes/miscellaneous#anecdotes/miscellaneous#food),Ask for the round corner table next to the large window.
(anecdotes/miscellaneous),Beware of the chili signed food items not unless you want to call the fire department to douse the flames in your mouth.
(food#food),The service we experienced was friendly and good.
(service#anecdotes/miscellaneous),It's eaten with black vinegar and shredded ginger.
(food#food),Go here if you want fresh and tasty salads of any type you can imagine.
(food#food#anecdotes/miscellaneous#anecdotes/miscellaneous),"Generously garnished, organic grilled burgers are the most popular dish, but the Jerusalem market-style falafel wraps and Mediterranean salads--layered with beets, goat cheese and walnuts--are equally scrumptious."
(food#food#service#food),"Not only is the service great, but forming conversation around a table is so easy beacuse the atmosphere can be both romantic and comfortable."
(food#anecdotes/miscellaneous),The food really isn't very good and the service is terrible.
(food#anecdotes/miscellaneous),"the atmosphere is very nice, and a welcome escape from the rest of the SI mall."
(food),"Dishes denoted as ""Roy's Classics"" (marked on the menu with asterisks) are tried-and-true recipes, such as macadamia-crusted mahi mahi, or subtly sweet honey-mustard beef short ribs."
(food),Just because P Diddy had a party at Butter doesn't mean we should be automatically impressed.
(food),The ground chickpea soup we sampled as a starter tasted somewhat thin.
(anecdotes/miscellaneous),And you never get the feeling that you need to leave.
(price#food#food),"The food did take a few extra minutes to come, but the cute waiters' jokes and friendliness made up for it."
(anecdotes/miscellaneous),I had roast chicken and a salad.
(food#food),"Great food, great drinks, nice dining atmosphere."
(service#food#service),"Meat-phobes are in luck with the extraordinary veggie burger, made from a distinctive blend of chickpeas, carrots and other vegetables and spices."
(anecdotes/miscellaneous),I'm in love with the lobster ravioli!
(anecdotes/miscellaneous#food),The food was wonderful and imaginative.
(anecdotes/miscellaneous),They are by far the BEST past in New York.
(anecdotes/miscellaneous),IT WAS OUR ONLY OPPORTUNITY TO VISIT AND WANTED AN AUTHENTIC ITALIAN MEAL.
(service#anecdotes/miscellaneous),Can be a bit busy around peak times because of the size.
(food),This is a typical example of an establishment in which its owners do not know anything about the restaurant business!
(anecdotes/miscellaneous#service#anecdotes/miscellaneous),"Casablanca servces delicious falafel, tabouleh, humus and other Mediterranean delights, which are all very inexpensive."
(food),The food was good overall. 
(service),"When it came time to take the order the waiter gave us a hard time, walked away then came back with a paper and pen for us to write down what we wanted...excuse me but isn't that his job???"
(food#service),"If you're lucky and there's not a private party going on back there, you'll get a chance to really chill out."
(anecdotes/miscellaneous),But the meals were terrible.
(anecdotes/miscellaneous),Two wasted steaks -- what a crime!
(food),"Between my guest and I, we sampled at least 80% of the menu, and they were all hits."
(anecdotes/miscellaneous#food#food#service#anecdotes/miscellaneous#food),"What a difference, the service was very comforting and the food was better than average, but what really standed out was such a dynamic and extensive beer list."
(food#service#service),It's nice to find a place that is open 24 hours (especially in downtown Brooklyn).
(food),the teas are great and all the sweets are homemade.
(anecdotes/miscellaneous#food),The staff is very sharp and they look good too.
(service),I thought the food isn't cheap at all compared to Chinatown.
(food#anecdotes/miscellaneous#anecdotes/miscellaneous#food#anecdotes/miscellaneous),I used to be a regular costumer at pongal until dosa hut opened right next door to it.
(anecdotes/miscellaneous),Half a chicken with a mountain of rice and beans for $6.25.
(food#anecdotes/miscellaneous#food),The traditional Italian items are great - cheap and served in a cozy setting.
(service),"The service is a quite slow, but friendly."
(anecdotes/miscellaneous#food#service),"After so many great reviews here, my bf and I went to Esca to celebrate my birthday last nite."
(anecdotes/miscellaneous),I have to say the place was awesome.
(food),great neighbhorhood spot.
(anecdotes/miscellaneous),I also recommend the garlic knots.
(anecdotes/miscellaneous),I definitely enjoyed the food as well.
(anecdotes/miscellaneous),I have to say they have one of the fastest delivery times in the city.
(service#anecdotes/miscellaneous#service#anecdotes/miscellaneous),"Not only is the food authentic, but the staff here are practically off-the-boat, they are young and hip and know what they are doing when it comes to food and wine."
(food#anecdotes/miscellaneous),Simple healthy unglamorous food cheap.
(anecdotes/miscellaneous),Best things to order are from the grill (Churrasco and Ribs).
(food#service),"The pizza's are made fresh, crispy, and ready to serve."
(service#food#anecdotes/miscellaneous),"The service was a bit slow and the portions are a bit small so if you are hungry and in a rush, this is not the place for you."
(food#service),"I found the food to be just as good as its owner, Da Silvano, just much less expensive."
(food),I always find myself asking the waiter to make something bland and different than what is on the menu.
(anecdotes/miscellaneous),"I've been coming here regularly since it opened, about 2 years ago."
(service#anecdotes/miscellaneous#anecdotes/miscellaneous),It also has lots of other Korean dishes that are affordable and just as yummy.
(anecdotes/miscellaneous#anecdotes/miscellaneous),"Hip boutiques and bars on Ludlow add to the artsy, laid-back atmosphere at this Israeli-style takeout and eat-in burger joint."
(food#anecdotes/miscellaneous),Food is always fresh and hot- ready to eat!
(food),The pastas were pretty good.
(food#food#anecdotes/miscellaneous),"Menus feature seasonal picks, like sweet corn-foie gras brulee."
(anecdotes/miscellaneous#service),"My friends and I go once a week (minimum, we live in the area) and everytime can't resist walking out ready to burst."
(food),The crab cakes are delicious and the BBQ rib was perfect.
(food#food#anecdotes/miscellaneous#food#food),"Innovations are just as assured, from the simple Carinthia cheese ravioli with wild mushrooms to the caviar-topped sturgeon, beautifully matched with a bright green spinach-vodka sauce."
(food),Had dinner here on a Friday and the food was great.
(anecdotes/miscellaneous#service#ambience#anecdotes/miscellaneous),just walk by the window and see all the unbiased positive reviews in all the major nyc publications.
(anecdotes/miscellaneous#food),"the homemade Guacamole, the unbelievable entree, and thee most amazing deserts."
(anecdotes/miscellaneous),"the dinner menu offers a variety of great entrees, including fresh seafood and huge steaks, there's also a couple of non-meat alternatives."
(anecdotes/miscellaneous#food),At night the atmoshere changes turning into this hidden jewel that is waiting to be discovered.
(food),"Anywhere else, the prices would be 3x as high!"
(food),"I love the Little Pie Company as much as anyone else who has written reviews, but must discourage anyone from visiting the Grand Central location due to their RUDE service from two sales people."
(anecdotes/miscellaneous),"It first came well done, and I politely sent it back."
(anecdotes/miscellaneous#food),"Being a vegan myself, I've made a point of trying all the vegan restaurants in Manhattan--and Zen Palate is easily my favorite."
(anecdotes/miscellaneous),The Yellowfin Tuna and Calf's liver are my favorites!
(anecdotes/miscellaneous),The decor is what initially got me in the door.
(food#food#anecdotes/miscellaneous),"The food was great - sushi was good, but the cooked food amazed us."
(food),this without question is one of the worst hotdogs i have ever had.
(anecdotes/miscellaneous),They are served on Focacchia bread and are to die for.
(food),"Not only did they have amazing, sandwiches, soup, pizza etc, but their homemade sorbets are out of this world!"
(anecdotes/miscellaneous),We were there March 7 and found Maison very nice.
(anecdotes/miscellaneous),We always enjoy the pizza.
(anecdotes/miscellaneous),Feels like family when we go there.
(food#food#anecdotes/miscellaneous#food),"The service was pretty poor all around, the food was well below average relative to the cost, and outside there is a crazy bum who harasses every customer who leaves the place."
(anecdotes/miscellaneous),"Great beer selection too, something like 50 beers."
(service),"since i was in the neighborhood, we made sure to give this a try."
(anecdotes/miscellaneous),The service was on point - what else you would expect from a Ritz?
(anecdotes/miscellaneous),the two waitress's looked like they had been sucking on lemons.
(food#food),Just go in and sample the greatest french food west of Daniel.
(anecdotes/miscellaneous#food),"From the erbazzone emiliana to the mostarda on the cheese plate, the dishes at this restaurant are all handled with delicate care."
(food),I would definitely go back -- if only for some of those exotic martinis on the blackboard.
(anecdotes/miscellaneous),"If you' re in New York, you do not want to miss this place."
(anecdotes/miscellaneous),We had our Christmas party at Dos Caminos and it was wonderful.
(food),"It was good, but none of the flavors WOW."
(anecdotes/miscellaneous#food#price#food),"Overall, this is a nice place to take a few friends to hang out at and the service is excellent."
(food),I came again weeks later with my boyfriend and again had a very nice experience.
(food#food),I asked for a simple medium rare steak.
(food#food#anecdotes/miscellaneous#food),good place to hang out during the day after shopping or to grab a simple soup or classic french dish over a glass of wine.
(food#food#service),"it's good but, like the movie is never as good as the book, this is same analogy."
(food),jazz singer had a nice voice + she made us all get up to dance to shake some cals to eat some more.
(food#food#anecdotes/miscellaneous),"I was on jury duty, rode my bike up Centre Street on my lunch break and came across this great little place with awesome chicken tacos and Hibiscus lemonade."
(food#food#food),"Probably my worst dining experience in new york, and I'm a former waiter so I know what I'm talking about."
(food),The food is also outstanding and is served quite quickly.
(anecdotes/miscellaneous#food#anecdotes/miscellaneous),"Once we sailed, the top-notch food and live entertainment sold us on a unforgettable evening."
(anecdotes/miscellaneous),Culinaria is a welcome addition to the Garment district- far better than any restaurant in the area.
(anecdotes/miscellaneous),Despite the 5th ave address there are no frills whick I also love.
(anecdotes/miscellaneous),Try the rose roll (not on menu).
(food#food),"My gf's duck confitte was very solid as well, although i have little base of reference."
(food#food#price),"They were dry, stale and pretty flavorless."
(food),Was her Monday for lunch - was working on a film in the area - and found this rare jewel.
(food),Satay is one of those favorite haunts on Washington where the service and food is always on the money.
(food),The service is pretty good.
(anecdotes/miscellaneous#food),The food--though mostly deep-fried--is simple and satisfying.
(food),Maybe the secret was that we went on a Sunday night and everything was great.
(service),Service is known for bending over backwards to make everyone happy.
(anecdotes/miscellaneous),I went for restaurant week.
(food),"It's just good food, nothing more and that's all we want!"
(food),An excellent choice in midtown.
(anecdotes/miscellaneous#anecdotes/miscellaneous),Way too much money for such a terrible meal.
(anecdotes/miscellaneous#food),The food is delicious and the bar has a great vibe.
(food),But regulars know that the sandwiches are the real star here.
(anecdotes/miscellaneous),Quartino is my favoriate resturant in NYC.
(anecdotes/miscellaneous),You feel like you made it to New York when you eat here.
(anecdotes/miscellaneous#food#anecdotes/miscellaneous#service#food),"the wait staff is very friendly, if your not rude or picky.......our meal at Leon last weekend was great -."
(anecdotes/miscellaneous),"This place doesn't get the publicity that Sylvias Soul Food restaurant does, but it should."
(anecdotes/miscellaneous),My favs here are the Tacos Pastor and the Tostada de Tinga...
(anecdotes/miscellaneous#anecdotes/miscellaneous),It's worthwhile to take a cab to Chelsea just for an awesome dinner at My Chelsea.
(food),have always had a great time here.
(anecdotes/miscellaneous#service#anecdotes/miscellaneous),"It's no-fuss, fast and delicious."
(anecdotes/miscellaneous#food),Great wine list and great cocktail menu.
(price#food#food),Intimate but charming interior with extremely friendly and attentive service.
(anecdotes/miscellaneous),"The decoration was feeling like we was on the Cairo, actually the street is part of that adventure."
(food#food),The french fries -- with the kalmata dip were terrific!
(anecdotes/miscellaneous#service),The wait staff was loud and inconsiderate.
(food#food#food#anecdotes/miscellaneous),"El Nidos one of the best restaurants in New York which I've ever been to, has a great variety of tasty, mouth watering pizza's."
(ambience),"Anyway, the owner was fake."
(anecdotes/miscellaneous),rice dishes and noodle dishes rarely exceed $5 and add on a refreshing ice drink for $2 and you're set for the night!
(food#service#service),"Not only was the sushi fresh, they also served other entrees allowed each guest something to choose from and we all left happy (try the duck!"
(anecdotes/miscellaneous#anecdotes/miscellaneous),"The menu, which changes seasonally, shows both regional and international influences."
(anecdotes/miscellaneous),"On the recommendation of a friend, I checked out Arezzo with my wife."
(anecdotes/miscellaneous),Don't be put off by another reviewers extremely negative review.
(anecdotes/miscellaneous),"You're going to drop some coin, but completely worth it, especially if you are looking to impress someone."
(food#food),"This is a nice sushi restaurant in Brooklyn that's located on 86 street, right underneath the train station."
(service),We were seated promptly in close proximity to the dance floor.
(food#ambience),Desserts are almost incredible: my personal favorite is their Tart of the Day.
(food),So for a filling and healthy meal give it a go.
(food),I wasn't impressed and it wasn't SPICEY????
(anecdotes/miscellaneous#ambience#food),"The crowd was older and the restaurant is very cramped, but it has old school charm."
(anecdotes/miscellaneous),"There was a heat problem to boot, so it was about 40 degrees in the restaurant -- we had to request to uncheck our coats!"
(food#food#anecdotes/miscellaneous),"The restaurant could use a little paint, but all in all a great sushi place!"
(anecdotes/miscellaneous),Everything about this place is adorable - even the bathroom!
(service#food),"I have been going to this restaurant for years, in the past the service was average and the food inconsistant."
(anecdotes/miscellaneous#anecdotes/miscellaneous),I asked repeatedly what the status of the meal was and was pretty much grunted at by the unbelievably rude waiter.
(anecdotes/miscellaneous#food),It was delicious and large!
(anecdotes/miscellaneous#anecdotes/miscellaneous#food#food),"For a savory take on the soup and sandwich meal, try the hot and sour soup."
(food),"From the moment you walk in, you feel like you're in the perfect place."
(food#food),The food is so good and so popular that waiting can really be a nightmare.
(food#anecdotes/miscellaneous#food),"The service was great, and they have a whole great deal for birthdays."
(anecdotes/miscellaneous#anecdotes/miscellaneous#food),"Highly recommended...  As stated, I haven't dined *in* the restaurant but stopped by there to pick up takeout and it seems a very relaxing place; also, the bar looks nice."
(service),I just had my first visit to this place and can't wait to go back and slowly work my way through the menu.
(price#anecdotes/miscellaneous),This diamond in the ruff is definitely worth my 10-minute walk from the 6 train.
(food#food#anecdotes/miscellaneous),"The menu is great, with a good selection, and everything that I have tried is absolutely delicious."
(anecdotes/miscellaneous),Try the homemade breads.
(food#service),The waiters are very friendly and helpful and if you frequent they will remember you.
(food),You can eat gourmet food at a fast food price.
(food),"The food is average: breakfast food, soups, salads, sandwiches, etc."
(anecdotes/miscellaneous),"I complained to the waiter and then to the manager, but the intensity of rudeness from them just went up."
(anecdotes/miscellaneous),The fettucino alfredo was amazing.
(food#anecdotes/miscellaneous),"Finally, I got sick of the bad service, obnoxious smirks, and snotty back talk."
(food#service#food#food),Had a great experience at Trio ... staff was pleasant; food was tasty and large in portion size - I would highly recommend the portobello/gorgonzola/sausage appetizer and the lobster risotto.
(anecdotes/miscellaneous#anecdotes/miscellaneous),Harumi Sushi has the freshest and most delicious array of sushi in NYC.
(anecdotes/miscellaneous),"Our waitress had apparently never tried any of the food, and there was no one to recommend any wine."
(service),I don't remember what we had; nothing was memorable.
(food),Best hot dogs in the tri-state area.
(anecdotes/miscellaneous#food#food#food),"Overall, this is a great new restaurant that has been consistently good every time I have been."
(ambience),Who said go when the place is quiet during the day?
(food#food),The sauce is excellent (very fresh) with dabs of real mozzarella.
(anecdotes/miscellaneous),The waitress came by to pick up the soy sauce WHILE we were eating our lunch!!!!!
(food),This place has the best sushi in the city.
(food),expectations were real hi reading the '10's'.
(anecdotes/miscellaneous#anecdotes/miscellaneous),"My vegetable risotto was burnt, and infused totally in a burnt flavor."
(food),"Also, the chick peas with shrimp (appetizer) is divine."
(anecdotes/miscellaneous),"However, being foodies, we were utterly disappointed with the food."
(food#food#food),The atmosphere was nice but it was a little too dark.
(anecdotes/miscellaneous),"Over priced, overrated....stay away!"
(anecdotes/miscellaneous),You won't be dissapointed.
(food#anecdotes/miscellaneous),This particular location certainly uses substandard meats.
(anecdotes/miscellaneous#food),"No doubt the next time we want to go out for a special occasion or are entertaining guests from out of town, Spirit and Bateaux will be our destination."
(food#food#food),"The food is top notch, the service is attentive, and the atmosphere is great."
(service),It gets very crowded so I would suggest that you get their early.
(food),The food was as creative as the decor and both worked.
(service),What a pleasant surprise!
(service),The food was mediocre and the service was severely slow.
(anecdotes/miscellaneous),Save room for the desserts! ;-)
(anecdotes/miscellaneous),Even for two very hungry people there is plenty of food left to be taken home (it reheats really well also).
(anecdotes/miscellaneous),Have a mojito and sit in the back patio.
(anecdotes/miscellaneous),As we waited I watched 3 seperate groups of diners discuss how dissapointed they also were.
(anecdotes/miscellaneous),Would not recommend anyone to go.
(anecdotes/miscellaneous),Food portion was SMALL and below average.
(food),The service was outstanding.
(anecdotes/miscellaneous),"A beautiful atmosphere, perfect for drinks and/or appetizers."
(anecdotes/miscellaneous),Another friend had to ask 3 times for parmesan cheese.
(anecdotes/miscellaneous#anecdotes/miscellaneous#food#anecdotes/miscellaneous),Creative dishes like king crab salad with passion fruit vinaigrette and fettuccine with grilled seafood in a rosemary-orange sauce are unexpected elements on an otherwise predictable bistro menu.
(anecdotes/miscellaneous#anecdotes/miscellaneous),Not to sound too negative but be wary of the delivary.
(food),"Although the restaurant itself is nice, I prefer not to go for the food."
(food),The caeser salad was great.
(anecdotes/miscellaneous),The sangria's - watered down.
(food#anecdotes/miscellaneous),The absolute worst service I've ever experienced and the food was below average (when they actually gave people the meals they ordered).
(food),"The ambiance was pretty cool, but not worth the hassle."
(anecdotes/miscellaneous),Both a number of the appetizer and pasta specials were amazing.
(food),Coffee is a better deal than overpriced Cosi sandwiches.
(anecdotes/miscellaneous),My wife and I recently visited the bistro for dinner and had a wonderful experience.
(food#food),They have an excellent selection (the rolls with crab are really great).
(anecdotes/miscellaneous),You must try the garlic soup!
(anecdotes/miscellaneous),I started going to dosa hut more after that.
(anecdotes/miscellaneous),"At peak times, the restaurant is overcrowded and tables are uncomfortably close."
(food),"Like I said, Nick and Joe's may not be everyone's favorite, but it's mine."
(food),MY date and I both ordered the Branzini and both felt the fish was very average.
(anecdotes/miscellaneous),My fiance and I recently wanted to see the city and deceided to take a dinner cruise.
(food#anecdotes/miscellaneous),"The place is clean, and if you like soul food, then this is the place to be!"
(price),This place has been around for a few years.
(food),This is a real gem of a place.
(food#service#anecdotes/miscellaneous#food),The food was excellent - authentic Italian cuisine made absolutely fresh.
(food),i have eaten here on a different occasion - the food is mediocre for the prices.
(food#anecdotes/miscellaneous#food),"The selection of food is excellent (I'm not used to having much choice at restaurants), and the atmosphere is great."
(anecdotes/miscellaneous),THEY HAVE WAITERS ON THE SIDEWALK TRYING TO PULL YOU IN WHICH MADE US SUSPICIOUS.
(anecdotes/miscellaneous#anecdotes/miscellaneous),i went in one day asking for a table for a group and was greeted by a very rude hostess.
(anecdotes/miscellaneous),"Actually, everyone who worked there seemed to be annoyed."
(anecdotes/miscellaneous),"All are GREAT - poori, naan, paratha all FRESH."
(anecdotes/miscellaneous),If you like seafood and/or Greek food you will love this place though it is not limited to just these things.
(service#food#food),"Our waiter was helpful and charming, the food was perfect, and the wine was good, too."
(price#anecdotes/miscellaneous#food),"The food is just OKAY, and it's almost not worth going unless you're getting the pialla, which is the only dish that's really good."
(food),the mushroom barley soup is amazing.
(anecdotes/miscellaneous#anecdotes/miscellaneous#food),Being Puerto Rican I know a thing or two about flan and this place serves one of the best (I hope Mom doesn't read this!).
(food#food),This place is average... at best.
(food),Service was among the best I have ever had in NYC.
(anecdotes/miscellaneous),It's about $7 for lunch and they have take-out or dine-in.
(food#food),Appetizer are excellent here; you can make a great (and inexpensive) meal out of them.
(anecdotes/miscellaneous),We had a birthday party here recently and the food and service was amazing.
(food),Definitely try the taglierini with truffles - it was incredible.
(anecdotes/miscellaneous#food#price#service#anecdotes/miscellaneous),"Good cake BUT: it was not the best cake i've ever had, and definately not worth standing outside on the sidewalk being herded like cattle by indifferent and overworked employees."
(anecdotes/miscellaneous),I decided to try out this place after hearing about it in many magazines.
(food#anecdotes/miscellaneous#food),"A nice space, as long as it doesn't get too crowded and a singleminded devotion to its chosen cuisine make Mare a great choice for seafood lovers."
(anecdotes/miscellaneous),We enjoyed ourselves thoroughly and will be going back for the desserts ....
(anecdotes/miscellaneous#food),I have gone back to Siam Square many times since and everytime I am very satisfied overall.
(food#anecdotes/miscellaneous),Chinatown definitely has better quality with cheaper prices.
(food),"Service is excellent, no wait, and you get a lot for the price."
(anecdotes/miscellaneous),I stumbled upon this resteraunt on my way home from the subway.
(food#food#food#food),"The service is great (maybe even borderline nagging but at least you get attention), the desserts are excellent and the coffee is so very good..."
(food#service#food),The dishes are remarkably tasty and such a cozy and intimate place!
(anecdotes/miscellaneous#anecdotes/miscellaneous),Best Indian food I have ever eaten.
(anecdotes/miscellaneous),"People in the neighborhood seem to love it, too."
(anecdotes/miscellaneous#food#service),"the icing MADE this cake, it was fluffy, not ultra sweet, creamy and light."
(anecdotes/miscellaneous#food),"I love the drinks, esp lychee martini, and the food is also VERY good."
(anecdotes/miscellaneous),"Bay Terrace mall is nothing (ok, almost nothing) without it!"
(food),The staff should be a bit more friendly.
(food#anecdotes/miscellaneous),I've had better Japanese food at a mall food court.
(food#anecdotes/miscellaneous#food#food),"Then they somehow made a dry and burnt crust, around a raw and cold inside."
(food),They make the best pizza in New Jersey.
(food#food#food),Its good to go there for drinks if you don't want to get drunk because you'll be lucky if you can get one drink an hour the service is so bad.
(anecdotes/miscellaneous#service),"The appetizers are ok, but the service is slow."
(anecdotes/miscellaneous),Did I mention that the coffee is OUTSTANDING?
(food#anecdotes/miscellaneous),It took a bigger bite from my wallet than my appetite - I would not reccomend this to anyone that I would want to talk to me again!!
(anecdotes/miscellaneous),"Every time I visit NYC, I come here."
(food),The host (owner) and servers are personable and caring.
(ambience#food),It's always quiet because it's awful.
(food),"The food was definitely good, but when all was said and done, I just couldn't justify it for the price (including 2 drinks, $100/person)..."
(food#food#anecdotes/miscellaneous#food#food#food),new hamburger with special sauce is ok - at least better than big mac!
(anecdotes/miscellaneous),Bring your date and a bottle of wine!
(anecdotes/miscellaneous#anecdotes/miscellaneous),"Sandwiches, burgers and salads, like the lemon-dressed cobb, are classic successes."
(service#service#food#food),The service was dreadfully slow (the place was only half full) and a smile would have been nice...
(food#anecdotes/miscellaneous),We started with the scallops and asparagus and also had the soft shell crab as well as the cheese plate.
(anecdotes/miscellaneous),"Unfortunately, with our show tickets, we didn't have time to sample any desserts."
(ambience),The avocado salad is a personal fave.
(anecdotes/miscellaneous#food),"Their twist on pizza is heatlhy, but full of flavor."
(anecdotes/miscellaneous#anecdotes/miscellaneous#anecdotes/miscellaneous#service),I always find myself sitting next to someone in the theatre industry- interesting to hear ideas hashed out while having a quick bite to eat.
(anecdotes/miscellaneous),They bring a sauce cart up to your table and offer you up to 7 or 8 choices of sauces for your steak (I tried them ALL).
(ambience),The folding chair I was seated at was uncomfortable.
(food),Everything from the eggs benedict to the mussels and even the hamburger were done well and very tasty.
(food),First walking in the place seemed to have great ambience.
(food),good variety but nothing surprising.
(anecdotes/miscellaneous#anecdotes/miscellaneous),It had been awhile and I forgot just how delicious crepes can be.
(anecdotes/miscellaneous),I can't stand this dungeon.
(food),Everytime I go there I can't pick anything to eat and not because the menu is filled with great things to eat.
(anecdotes/miscellaneous),i would recommend Jewel Bako if you want to feel like you were kicked in the groin and had to pay for it too.
(anecdotes/miscellaneous),"Definitely try the calamari, any pasta, or even the Sliced steak entree."
(food),"The food is good, the teriyaki I recommend."
(food#anecdotes/miscellaneous#anecdotes/miscellaneous#food),I was especially impressed during the bday party when the waitstaff went above and beyond in helping me decorate and bring out a bday cake as well as offering prompt and friendly service to a 15 person party.
(service),I have eaten here several times before attending an afternoon performance.
(food),The main draw of this place is the price.
(anecdotes/miscellaneous),Their duck here is also absolutely delicious.
(service),"Be sure to try the Smoked Trout...Lamb Chops, Veal Chops, Rabbit, the potato gratin, on and on and on..."
(food#service),The service was very attentive and very generous.
(service#food#food),"don't get me wrong - sushi was good, just not fantastic."
(food#food),"Chef Vincenzo, always there if you need him, is a real talent and a real Roman."
(anecdotes/miscellaneous),There was only one waiter for the whole restaurant upstairs.
(anecdotes/miscellaneous#food),"The music was fascinating, but left room for conversation, and the bartender made superb drinks."
(anecdotes/miscellaneous),I discovered Applebees when I went away to college in VA.
(food#anecdotes/miscellaneous#food),"Give it a try, menu is typical French but varied."
(anecdotes/miscellaneous#food#food#anecdotes/miscellaneous),"everything is scrumptious, from the excellent service by cute waitresses, to the extremely lush atmosphere."
(food#service),The food is great and the prices are reasonable.
(service#anecdotes/miscellaneous),then she made a fuss about not being able to add 1 or 2 chairs on either end of the table for additional people.
(anecdotes/miscellaneous#service),"SUM IT: don't read the '10's' reviews, try it to judge for yourself so you won't have as hi expectations, then you'll be sure to enjoy it."
(anecdotes/miscellaneous),I absolutely suggest this place.
(anecdotes/miscellaneous),We didn't know if we should order a drink or leave?
(anecdotes/miscellaneous),"When she complained, the waitress said, Sorry."
(anecdotes/miscellaneous#anecdotes/miscellaneous#food#anecdotes/miscellaneous),The skillfully chosen Portuguese cheese cart paired with quality port provides the perfect Iberian ending.
(food#anecdotes/miscellaneous),"The food was extremely tasty, creatively presented and the wine excellent."
(food#food),Food is excellent and they also have empenadas and plaintains which are good for an afternoon snack.
(food),"Been to the one in Brooklyn for over 25 years, now I dont have to go over the bridge for the best pizza ....Hanx"
(anecdotes/miscellaneous),Try the Peanut Butter Sorbet and the pizza with soy cheese!
(service#food#anecdotes/miscellaneous#food#food#food),this is still one of my most favorite restaurants in the area the food is inexpensive but very good (kimono shrimp special was excellent) and has a great atmosphere.
(anecdotes/miscellaneous#anecdotes/miscellaneous),The place is absolutely adorable and the food is delicious.
(anecdotes/miscellaneous#anecdotes/miscellaneous#food),"You must try Odessa stew or Rabbit stew; salads-all good; and kompot is soo refreshing during the hot summer day (they make it the way my mom does, reminds me of home a lot)."
(anecdotes/miscellaneous),Horrible experience - stay away!
(anecdotes/miscellaneous),The spicy mussels are a highlight.
(service),Everything is very cheap.
(anecdotes/miscellaneous),WE ENDED UP IN LITTLE ITALY IN LATE AFTERNOON.
(ambience#anecdotes/miscellaneous),How pretentious and inappropriate for MJ Grill to claim that it provides power lunch and dinners!
(anecdotes/miscellaneous#anecdotes/miscellaneous#food#service#food#food),the negative reviews on city search are probably from jealous competing restaurants who realize they can't compete with Temple's entire positive attitude about the proper way to treat their customers and deliver top quality food.
(anecdotes/miscellaneous#anecdotes/miscellaneous#service#food),Although I moved uptown I try to stop in as often as possible for the GREAT cheap food and to pay the friendly staff a visit.
(food),"My husband and I moved to Nolita 6 years ago and for as long as we have lived here, Peasant has been our favorite!"
(food),I went to Common Stock for brunch and I was so impressed.
(anecdotes/miscellaneous#food),Has the warmth of a family local yet it is a great place to watch sporting events.
(food),They specialize in smoothies and fresh juices.
(service#food#food#anecdotes/miscellaneous),I went this past Saturday and had a excellent meal of consisting of a braised lamb shank with mashed potatoes.
(anecdotes/miscellaneous#anecdotes/miscellaneous),"I can understand the prices if it served better food, like some Chinese restaurants in midtown/uptown area."
(food),This is literally a hot spot when it comes to the food.
(anecdotes/miscellaneous),"Most importantly, it is reasonably priced."
(food#anecdotes/miscellaneous),This is the best unknown restaurant in and around New York.
(anecdotes/miscellaneous#food),We ended up having to just leave because we were essentially being ignored by the wait staff--even though the rest of the restaurant was largely empty.
(anecdotes/miscellaneous#food),"Great burgers, grilled cheeses and french fries."
(food#food),The chicken dinner was real good.
(anecdotes/miscellaneous),I stopped by for some brunch today and had the vegan cranberry pancakes and some rice milk.
(anecdotes/miscellaneous),Dieters stick to salads or indulge in vegetarian platters.
(food#anecdotes/miscellaneous#food),"but for the value, it was a great affordable spot to enjoy a fun night out with small group."
(anecdotes/miscellaneous),My girlfriend and I just spent our 10 month anniversary at Lou Lou.
(anecdotes/miscellaneous#service#price),I just have nothing to say about this place that is negative except that it's not a cheap night out...but it's SO worth it.
(food),"We recently spent New Year's Eve at the restaurant, and had a great experience, from the wine to the dessert menu."
(service),since the first time I came here I've been hooked.
(anecdotes/miscellaneous),"For someone who used to hate Indian food, Baluchi's has changed my mid."
(food),Had a great meal there this weekend before heading to the movies!
(food#anecdotes/miscellaneous),"It's a basic pizza joint, not much to look at, but the pizza is what I go for."
(anecdotes/miscellaneous),The portions of the food that came out were mediocre.
(food),"This place has the best Indian food in New York, hands down."
(anecdotes/miscellaneous#food),and the owner is simply lovely and friendly.
(anecdotes/miscellaneous),After dinner I heard music playing and discovered that there is a lounge downstairs.
(ambience#anecdotes/miscellaneous#price),"There are numerous shavue restaurants in LA, but few out here."
(service),"I've been to Sotto Voce several time, and I have to say this one place that hits the nail right on the head ever time!"
(food),i especially like their soft shell crab sandwich with fries.
(food),Have to tell you: Not at all impressed.
(food#anecdotes/miscellaneous),They have wheat crusted pizza made with really fresh and yummy ingredients.
(anecdotes/miscellaneous),I never had an orange donut before so I gave it a shot.
(service#anecdotes/miscellaneous#food#food),"Result (red velvet): Great texture, soft and velvety, nice hint of cocoa."
(food#anecdotes/miscellaneous#anecdotes/miscellaneous#service),"The bartenders and the managers are really nice and the decor is very comfy and laid-back, all the while being trendy."
(anecdotes/miscellaneous),How have I never been to Agave before?
(food),Sit back in one of those comfortable chairs.
(food#service),This little place is wonderfully warm welcoming.
(food),It's a great find in Astoria.
(service#food#food#service),"I'm glad I did as the food was very good and the staff was friendly, courteous and efficient."
(anecdotes/miscellaneous),I highly recommend this restaurant!!
(food#food),"Both were very good, but nothing you couldn't get at similar restaurant."
(anecdotes/miscellaneous#food),Most of the sandwiches are made with soy mayonaise which is actually pretty good.
(food#food),They have a very good chicken with avocado and good tuna as well.
(service#anecdotes/miscellaneous),Make more tables- perhaps a rooftop bar?
(anecdotes/miscellaneous#food),The only drawback is that it's a little pricey.
(anecdotes/miscellaneous#food),My only complaint might be the fortune cookies - I've never had a cookie predict bad luck for me before I visited Kar.
(food#anecdotes/miscellaneous#food),Somewhat disappointing wine list (only new vintages.
(food),"We had tons of great food, wine, and desserts."
(anecdotes/miscellaneous),"We went there, no one greeted us."
(anecdotes/miscellaneous#food#food),The sauce is zesty and flavorful and the crust is nice and crispy.
(service),Tiny restaurant with very fast service.
(service#service#food),"The one positive thing I can say is that the service was prompt, we got seated right away and the server was very friendly."
(anecdotes/miscellaneous),Chef Waldy's always measures up.
(food),The space is traditional in feel.
(anecdotes/miscellaneous),Desserts include flan and sopaipillas.
(anecdotes/miscellaneous),The food was almost always EXCELLENT.
(price#food),"Even after a few bad evenings at Bardolino, I keep coming back."
(food),It' only open for lunch but the food is so good!
(anecdotes/miscellaneous#food#service#food),I am surprised at the lower reviews because it is definitely better than other places I have tried with higher ratings.
(anecdotes/miscellaneous),Definitely something to come down and check out.
(food),their dinner specials are fantastic.
(food#anecdotes/miscellaneous),"The food was good, the service prompt, and the price very reasonable. "
(anecdotes/miscellaneous),"Would you ever believe that when you complain about over an hour wait, when they tell you it will be 20-30 minutes, the manager tells the bartender to spill the drinks you just paid for?"
(food),And the food is fantastic.
(service#food),"Yes, they're a bit more expensive then typical, but then again, so is their food."
(food#service),"The service is always great, and the owner walks around to make sure you enjoy."
(service#food#food#service),"Tables are close, so you better be comfortable bumping elbows with other patrons."
(anecdotes/miscellaneous#anecdotes/miscellaneous),Our waiter was horrible; so rude and disinterested.
(food),The menu is interesting and quite reasonably priced.
(anecdotes/miscellaneous),because the waiters need SEVERE ATTITUE ADJUSTMENTS.
(anecdotes/miscellaneous#service#anecdotes/miscellaneous#anecdotes/miscellaneous#food),"The service, however, is a peg or two below the quality of food (horrible bartenders), and the clientele, for the most part, are rowdy, loud-mouthed commuters (this could explain the bad attitudes from the staff) getting loaded for an AC/DC concert or a Knicks game."
(anecdotes/miscellaneous#food),The downstairs bar scene is very cool and chill...
(anecdotes/miscellaneous#service#food),"Wonderful menu, warm inviting ambiance, great service the FOOD keeps me coming back!"
(service#anecdotes/miscellaneous#service),"The room is a gorgeous, bi-level space and the long bar perfect for a drink."
(anecdotes/miscellaneous),Host and Hostess was quite rude.
(food#service#anecdotes/miscellaneous#service#food),"A small, outdoor eating area makes for a private, comfortable space to study alone or meet up with friends."
(food#food#food#service),"The ambiance was fine, a little loud but still nice and romantic."
(food),How can they survive serving mediocre food at exorbitant prices?!
(food),(The sashimi is cut a little thinly.
(price),Prices even outside of restaurant week were great.
(anecdotes/miscellaneous),"Disappointingly, their wonderful Saketini has been taken off the bar menu."
(food),"Not only is this the best Thai restaurant I have been to, but it also ranks as one of my favorite places to dine."
(anecdotes/miscellaneous#food),The food was delicious and clearly fresh ingredients were used.
(anecdotes/miscellaneous),Malted Milk Ball Gelato - have you ever in your life heard of anything so ridiculously wonderful?
(anecdotes/miscellaneous),"Only suggestion is that you skip the dessert, it was overpriced and fell short on taste."
(anecdotes/miscellaneous),There's candlelight and music.
(food#anecdotes/miscellaneous),I know real Indian food and this wasn't it.
(food#service#food),It's best to go on a cold night with a close friend or a good book.
(service),the service is prompt friendly.
(food#food),"I can say that the wraps, burgers and salads were all fresh, tasty and the mango margareta at $9 was WELL WORTH the money."
(anecdotes/miscellaneous),The food is consistant and good but how it got name Best Diner In Manhattan is beyond me.
(food#anecdotes/miscellaneous),The food was very good and I was pleasantly surprised to see so many vegan options.
(anecdotes/miscellaneous),If you are a Tequila fan you will not be disappointed.
(food#food),"the restaurant was completely empty, but she gave me a dirty look and asked, no reservations?"
(food),"The Sashimi portion are big enough to appease most people, but I didn't like the fact they used artifical lobster meat."
(food),"The wine list was superb, our tapas delightful, and the quiet atmosphere perfect for good conversation."
(anecdotes/miscellaneous#food#service#anecdotes/miscellaneous#food),"The waitstaff is solicitous and friendly and always seems glad to see us, and the food is wonderful, if not stunningly creative."
(food#anecdotes/miscellaneous),Very nice touch that very much fits the place.
(anecdotes/miscellaneous),How can hope to stay in business with service like this?
(anecdotes/miscellaneous),One of my Fav spots in the city.
(anecdotes/miscellaneous),THE SERVICE IS PERFECT TOO  NOTHING WRONG IN THIS ITALIAN/FRENCH RESTAURANT
(service),I ordered from here last week.
(food#service#anecdotes/miscellaneous),I've been a regular customer at Juice Generation for the last 3 months - my office moved to the Film Center on Ninth Avenue and they are on the next block.
(anecdotes/miscellaneous),"Build a meal with side orders like Amazin' Greens salads, Buffalo Chicken Kickers and Cinna Stix."
(anecdotes/miscellaneous#anecdotes/miscellaneous#food#service),Montparnasse's desserts--especially the silken creme brulee and paper-thin apple tart--are good enough on their own to make the restaurant worth the trip.
(anecdotes/miscellaneous#service),Good for a quick sushi lunch.
(anecdotes/miscellaneous#food#food),"And all the [female] servers are cute too, which is always nice."
(food#food),The owner and staff go to great lengths to make you feel comfortable.
